{"timestamp":"2026-10-06T00:34:40.761500Z","level":"info","event":"Filling up the DagBag from /opt/airflow/dags/xcom_check.py","logger":"airflow.dag_processing.dagbag.BundleDagBag","filename":"dagbag.py","lineno":460}
{"timestamp":"2026-10-06T00:35:11.918431Z","level":"info","event":"Filling up the DagBag from /opt/airflow/dags/xcom_check.py","logger":"airflow.dag_processing.dagbag.BundleDagBag","filename":"dagbag.py","lineno":460}
{"timestamp":"2026-10-06T00:35:42.243711Z","level":"info","event":"Filling up the DagBag from /opt/airflow/dags/xcom_check.py","logger":"airflow.dag_processing.dagbag.BundleDagBag","filename":"dagbag.py","lineno":460}
{"timestamp":"2026-10-06T00:36:12.678815Z","level":"info","event":"Filling up the DagBag from /opt/airflow/dags/xcom_check.py","logger":"airflow.dag_processing.dagbag.BundleDagBag","filename":"dagbag.py","lineno":460}
{"timestamp":"2026-10-06T00:36:42.933719Z","level":"info","event":"Filling up the DagBag from /opt/airflow/dags/xcom_check.py","logger":"airflow.dag_processing.dagbag.BundleDagBag","filename":"dagbag.py","lineno":460}
{"timestamp":"2026-10-06T00:37:13.556701Z","level":"info","event":"Filling up the DagBag from /opt/airflow/dags/xcom_check.py","logger":"airflow.dag_processing.dagbag.BundleDagBag","filename":"dagbag.py","lineno":460}
{"timestamp":"2026-10-06T00:37:44.208288Z","level":"info","event":"Filling up the DagBag from /opt/airflow/dags/xcom_check.py","logger":"airflow.dag_processing.dagbag.BundleDagBag","filename":"dagbag.py","lineno":460}
{"timestamp":"2026-10-06T00:38:14.505053Z","level":"info","event":"Filling up the DagBag from /opt/airflow/dags/xcom_check.py","logger":"airflow.dag_processing.dagbag.BundleDagBag","filename":"dagbag.py","lineno":460}
{"timestamp":"2026-10-06T00:38:45.354225Z","level":"info","event":"Filling up the DagBag from /opt/airflow/dags/xcom_check.py","logger":"airflow.dag_processing.dagbag.BundleDagBag","filename":"dagbag.py","lineno":460}
{"timestamp":"2026-10-06T00:39:16.172355Z","level":"info","event":"Filling up the DagBag from /opt/airflow/dags/xcom_check.py","logger":"airflow.dag_processing.dagbag.BundleDagBag","filename":"dagbag.py","lineno":460}
{"timestamp":"2026-10-06T00:39:47.025286Z","level":"info","event":"Filling up the DagBag from /opt/airflow/dags/xcom_check.py","logger":"airflow.dag_processing.dagbag.BundleDagBag","filename":"dagbag.py","lineno":460}
{"timestamp":"2026-10-06T00:40:17.945188Z","level":"info","event":"Filling up the DagBag from /opt/airflow/dags/xcom_check.py","logger":"airflow.dag_processing.dagbag.BundleDagBag","filename":"dagbag.py","lineno":460}
{"timestamp":"2026-10-06T00:40:49.054580Z","level":"info","event":"Filling up the DagBag from /opt/airflow/dags/xcom_check.py","logger":"airflow.dag_processing.dagbag.BundleDagBag","filename":"dagbag.py","lineno":460}
{"timestamp":"2026-10-06T00:41:19.781795Z","level":"info","event":"Filling up the DagBag from /opt/airflow/dags/xcom_check.py","logger":"airflow.dag_processing.dagbag.BundleDagBag","filename":"dagbag.py","lineno":460}
{"timestamp":"2026-10-06T00:41:50.874146Z","level":"info","event":"Filling up the DagBag from /opt/airflow/dags/xcom_check.py","logger":"airflow.dag_processing.dagbag.BundleDagBag","filename":"dagbag.py","lineno":460}
{"timestamp":"2026-10-06T00:42:21.720985Z","level":"info","event":"Filling up the DagBag from /opt/airflow/dags/xcom_check.py","logger":"airflow.dag_processing.dagbag.BundleDagBag","filename":"dagbag.py","lineno":460}
{"timestamp":"2026-10-06T00:42:52.497851Z","level":"info","event":"Filling up the DagBag from /opt/airflow/dags/xcom_check.py","logger":"airflow.dag_processing.dagbag.BundleDagBag","filename":"dagbag.py","lineno":460}
{"timestamp":"2026-10-06T00:43:23.241660Z","level":"info","event":"Filling up the DagBag from /opt/airflow/dags/xcom_check.py","logger":"airflow.dag_processing.dagbag.BundleDagBag","filename":"dagbag.py","lineno":460}
{"timestamp":"2026-10-06T00:43:54.103192Z","level":"info","event":"Filling up the DagBag from /opt/airflow/dags/xcom_check.py","logger":"airflow.dag_processing.dagbag.BundleDagBag","filename":"dagbag.py","lineno":460}
{"timestamp":"2026-10-06T00:44:24.347897Z","level":"info","event":"Filling up the DagBag from /opt/airflow/dags/xcom_check.py","logger":"airflow.dag_processing.dagbag.BundleDagBag","filename":"dagbag.py","lineno":460}
{"timestamp":"2026-10-06T00:44:49.962031Z","level":"info","event":"Filling up the DagBag from /opt/airflow/dags/xcom_check.py","logger":"airflow.dag_processing.dagbag.BundleDagBag","filename":"dagbag.py","lineno":460}
{"timestamp":"2026-10-06T00:44:52.120686Z","level":"info","event":"Filling up the DagBag from /opt/airflow/dags/xcom_check.py","logger":"airflow.dag_processing.dagbag.BundleDagBag","filename":"dagbag.py","lineno":460}
{"timestamp":"2026-10-06T00:44:52.145147Z","level":"error","event":"Failed to import: /opt/airflow/dags/xcom_check.py","logger":"airflow.dag_processing.importers.python_importer","filename":"python_importer.py","lineno":244,"error_detail":[{"exc_type":"SyntaxError","exc_value":"positional argument follows keyword argument (xcom_check.py, line 13)","exc_notes":[],"syntax_error":{"offset":1,"filename":"/opt/airflow/dags/xcom_check.py","line":")\n","lineno":13,"msg":"positional argument follows keyword argument"},"is_cause":false,"frames":[{"filename":"/home/airflow/.local/lib/python3.13/site-packages/airflow/dag_processing/importers/python_importer.py","lineno":238,"name":"parse"},{"filename":"<frozen importlib._bootstrap_external>","lineno":1019,"name":"exec_module"},{"filename":"<frozen importlib._bootstrap_external>","lineno":1157,"name":"get_code"},{"filename":"<frozen importlib._bootstrap_external>","lineno":1087,"name":"source_to_code"},{"filename":"<frozen importlib._bootstrap>","lineno":488,"name":"_call_with_frames_removed"}],"is_group":false,"exceptions":[]}]}
{"timestamp":"2026-10-06T00:44:52.156107Z","level":"error","event":"Error loading DAG from xcom_check.py: positional argument follows keyword argument (xcom_check.py, line 13)","logger":"airflow.dag_processing.dagbag.BundleDagBag","filename":"dagbag.py","lineno":319}
{"timestamp":"2026-10-06T00:44:53.245811Z","level":"info","event":"Filling up the DagBag from /opt/airflow/dags/xcom_check.py","logger":"airflow.dag_processing.dagbag.BundleDagBag","filename":"dagbag.py","lineno":460}
{"timestamp":"2026-10-06T00:44:53.276869Z","level":"error","event":"Failed to import: /opt/airflow/dags/xcom_check.py","logger":"airflow.dag_processing.importers.python_importer","filename":"python_importer.py","lineno":244,"error_detail":[{"exc_type":"SyntaxError","exc_value":"positional argument follows keyword argument (xcom_check.py, line 13)","exc_notes":[],"syntax_error":{"offset":1,"filename":"/opt/airflow/dags/xcom_check.py","line":")\n","lineno":13,"msg":"positional argument follows keyword argument"},"is_cause":false,"frames":[{"filename":"/home/airflow/.local/lib/python3.13/site-packages/airflow/dag_processing/importers/python_importer.py","lineno":238,"name":"parse"},{"filename":"<frozen importlib._bootstrap_external>","lineno":1019,"name":"exec_module"},{"filename":"<frozen importlib._bootstrap_external>","lineno":1157,"name":"get_code"},{"filename":"<frozen importlib._bootstrap_external>","lineno":1087,"name":"source_to_code"},{"filename":"<frozen importlib._bootstrap>","lineno":488,"name":"_call_with_frames_removed"}],"is_group":false,"exceptions":[]}]}
{"timestamp":"2026-10-06T00:44:53.277992Z","level":"error","event":"Error loading DAG from xcom_check.py: positional argument follows keyword argument (xcom_check.py, line 13)","logger":"airflow.dag_processing.dagbag.BundleDagBag","filename":"dagbag.py","lineno":319}
{"timestamp":"2026-10-06T00:44:58.452475Z","level":"info","event":"Filling up the DagBag from /opt/airflow/dags/xcom_check.py","logger":"airflow.dag_processing.dagbag.BundleDagBag","filename":"dagbag.py","lineno":460}
{"timestamp":"2026-10-06T00:45:28.734797Z","level":"info","event":"Filling up the DagBag from /opt/airflow/dags/xcom_check.py","logger":"airflow.dag_processing.dagbag.BundleDagBag","filename":"dagbag.py","lineno":460}
{"timestamp":"2026-10-06T00:45:59.308029Z","level":"info","event":"Filling up the DagBag from /opt/airflow/dags/xcom_check.py","logger":"airflow.dag_processing.dagbag.BundleDagBag","filename":"dagbag.py","lineno":460}
{"timestamp":"2026-10-06T00:46:30.298379Z","level":"info","event":"Filling up the DagBag from /opt/airflow/dags/xcom_check.py","logger":"airflow.dag_processing.dagbag.BundleDagBag","filename":"dagbag.py","lineno":460}
{"timestamp":"2026-10-06T00:47:01.134228Z","level":"info","event":"Filling up the DagBag from /opt/airflow/dags/xcom_check.py","logger":"airflow.dag_processing.dagbag.BundleDagBag","filename":"dagbag.py","lineno":460}
{"timestamp":"2026-10-06T00:47:32.176577Z","level":"info","event":"Filling up the DagBag from /opt/airflow/dags/xcom_check.py","logger":"airflow.dag_processing.dagbag.BundleDagBag","filename":"dagbag.py","lineno":460}
{"timestamp":"2026-10-06T00:48:02.569971Z","level":"info","event":"Filling up the DagBag from /opt/airflow/dags/xcom_check.py","logger":"airflow.dag_processing.dagbag.BundleDagBag","filename":"dagbag.py","lineno":460}
{"timestamp":"2026-10-06T00:48:33.353224Z","level":"info","event":"Filling up the DagBag from /opt/airflow/dags/xcom_check.py","logger":"airflow.dag_processing.dagbag.BundleDagBag","filename":"dagbag.py","lineno":460}
{"timestamp":"2026-10-06T00:49:04.081418Z","level":"info","event":"Filling up the DagBag from /opt/airflow/dags/xcom_check.py","logger":"airflow.dag_processing.dagbag.BundleDagBag","filename":"dagbag.py","lineno":460}
{"timestamp":"2026-10-06T00:49:34.823801Z","level":"info","event":"Filling up the DagBag from /opt/airflow/dags/xcom_check.py","logger":"airflow.dag_processing.dagbag.BundleDagBag","filename":"dagbag.py","lineno":460}
{"timestamp":"2026-10-06T00:50:05.712565Z","level":"info","event":"Filling up the DagBag from /opt/airflow/dags/xcom_check.py","logger":"airflow.dag_processing.dagbag.BundleDagBag","filename":"dagbag.py","lineno":460}
{"timestamp":"2026-10-06T00:50:36.430073Z","level":"info","event":"Filling up the DagBag from /opt/airflow/dags/xcom_check.py","logger":"airflow.dag_processing.dagbag.BundleDagBag","filename":"dagbag.py","lineno":460}
{"timestamp":"2026-10-06T00:51:07.166319Z","level":"info","event":"Filling up the DagBag from /opt/airflow/dags/xcom_check.py","logger":"airflow.dag_processing.dagbag.BundleDagBag","filename":"dagbag.py","lineno":460}
{"timestamp":"2026-10-06T00:51:37.965940Z","level":"info","event":"Filling up the DagBag from /opt/airflow/dags/xcom_check.py","logger":"airflow.dag_processing.dagbag.BundleDagBag","filename":"dagbag.py","lineno":460}
{"timestamp":"2026-10-06T00:52:08.621676Z","level":"info","event":"Filling up the DagBag from /opt/airflow/dags/xcom_check.py","logger":"airflow.dag_processing.dagbag.BundleDagBag","filename":"dagbag.py","lineno":460}
{"timestamp":"2026-10-06T00:52:39.725203Z","level":"info","event":"Filling up the DagBag from /opt/airflow/dags/xcom_check.py","logger":"airflow.dag_processing.dagbag.BundleDagBag","filename":"dagbag.py","lineno":460}
{"timestamp":"2026-10-06T00:53:10.448259Z","level":"info","event":"Filling up the DagBag from /opt/airflow/dags/xcom_check.py","logger":"airflow.dag_processing.dagbag.BundleDagBag","filename":"dagbag.py","lineno":460}
{"timestamp":"2026-10-06T00:53:41.216941Z","level":"info","event":"Filling up the DagBag from /opt/airflow/dags/xcom_check.py","logger":"airflow.dag_processing.dagbag.BundleDagBag","filename":"dagbag.py","lineno":460}
{"timestamp":"2026-10-06T00:54:11.918998Z","level":"info","event":"Filling up the DagBag from /opt/airflow/dags/xcom_check.py","logger":"airflow.dag_processing.dagbag.BundleDagBag","filename":"dagbag.py","lineno":460}
{"timestamp":"2026-10-06T00:54:42.657814Z","level":"info","event":"Filling up the DagBag from /opt/airflow/dags/xcom_check.py","logger":"airflow.dag_processing.dagbag.BundleDagBag","filename":"dagbag.py","lineno":460}
{"timestamp":"2026-10-06T00:55:13.394186Z","level":"info","event":"Filling up the DagBag from /opt/airflow/dags/xcom_check.py","logger":"airflow.dag_processing.dagbag.BundleDagBag","filename":"dagbag.py","lineno":460}
{"timestamp":"2026-10-06T00:55:44.272265Z","level":"info","event":"Filling up the DagBag from /opt/airflow/dags/xcom_check.py","logger":"airflow.dag_processing.dagbag.BundleDagBag","filename":"dagbag.py","lineno":460}
{"timestamp":"2026-10-06T00:56:14.967734Z","level":"info","event":"Filling up the DagBag from /opt/airflow/dags/xcom_check.py","logger":"airflow.dag_processing.dagbag.BundleDagBag","filename":"dagbag.py","lineno":460}
{"timestamp":"2026-10-06T00:56:45.799252Z","level":"info","event":"Filling up the DagBag from /opt/airflow/dags/xcom_check.py","logger":"airflow.dag_processing.dagbag.BundleDagBag","filename":"dagbag.py","lineno":460}
{"timestamp":"2026-10-06T00:57:17.090697Z","level":"info","event":"Filling up the DagBag from /opt/airflow/dags/xcom_check.py","logger":"airflow.dag_processing.dagbag.BundleDagBag","filename":"dagbag.py","lineno":460}
{"timestamp":"2026-10-06T00:57:47.927824Z","level":"info","event":"Filling up the DagBag from /opt/airflow/dags/xcom_check.py","logger":"airflow.dag_processing.dagbag.BundleDagBag","filename":"dagbag.py","lineno":460}
{"timestamp":"2026-10-06T00:58:18.204588Z","level":"info","event":"Filling up the DagBag from /opt/airflow/dags/xcom_check.py","logger":"airflow.dag_processing.dagbag.BundleDagBag","filename":"dagbag.py","lineno":460}
{"timestamp":"2026-10-06T00:58:49.015725Z","level":"info","event":"Filling up the DagBag from /opt/airflow/dags/xcom_check.py","logger":"airflow.dag_processing.dagbag.BundleDagBag","filename":"dagbag.py","lineno":460}
{"timestamp":"2026-10-06T00:59:19.807940Z","level":"info","event":"Filling up the DagBag from /opt/airflow/dags/xcom_check.py","logger":"airflow.dag_processing.dagbag.BundleDagBag","filename":"dagbag.py","lineno":460}
{"timestamp":"2026-10-06T00:59:50.422065Z","level":"info","event":"Filling up the DagBag from /opt/airflow/dags/xcom_check.py","logger":"airflow.dag_processing.dagbag.BundleDagBag","filename":"dagbag.py","lineno":460}
{"timestamp":"2026-10-06T01:00:21.460070Z","level":"info","event":"Filling up the DagBag from /opt/airflow/dags/xcom_check.py","logger":"airflow.dag_processing.dagbag.BundleDagBag","filename":"dagbag.py","lineno":460}
{"timestamp":"2026-10-06T01:00:52.200948Z","level":"info","event":"Filling up the DagBag from /opt/airflow/dags/xcom_check.py","logger":"airflow.dag_processing.dagbag.BundleDagBag","filename":"dagbag.py","lineno":460}
{"timestamp":"2026-10-06T01:01:22.926312Z","level":"info","event":"Filling up the DagBag from /opt/airflow/dags/xcom_check.py","logger":"airflow.dag_processing.dagbag.BundleDagBag","filename":"dagbag.py","lineno":460}
{"timestamp":"2026-10-06T01:01:53.672863Z","level":"info","event":"Filling up the DagBag from /opt/airflow/dags/xcom_check.py","logger":"airflow.dag_processing.dagbag.BundleDagBag","filename":"dagbag.py","lineno":460}
{"timestamp":"2026-10-06T01:02:24.447421Z","level":"info","event":"Filling up the DagBag from /opt/airflow/dags/xcom_check.py","logger":"airflow.dag_processing.dagbag.BundleDagBag","filename":"dagbag.py","lineno":460}
{"timestamp":"2026-10-06T01:02:55.151977Z","level":"info","event":"Filling up the DagBag from /opt/airflow/dags/xcom_check.py","logger":"airflow.dag_processing.dagbag.BundleDagBag","filename":"dagbag.py","lineno":460}
{"timestamp":"2026-10-06T01:03:25.832928Z","level":"info","event":"Filling up the DagBag from /opt/airflow/dags/xcom_check.py","logger":"airflow.dag_processing.dagbag.BundleDagBag","filename":"dagbag.py","lineno":460}
{"timestamp":"2026-10-06T01:03:56.534549Z","level":"info","event":"Filling up the DagBag from /opt/airflow/dags/xcom_check.py","logger":"airflow.dag_processing.dagbag.BundleDagBag","filename":"dagbag.py","lineno":460}
{"timestamp":"2026-10-06T01:04:28.852969Z","level":"info","event":"Filling up the DagBag from /opt/airflow/dags/xcom_check.py","logger":"airflow.dag_processing.dagbag.BundleDagBag","filename":"dagbag.py","lineno":460}
{"timestamp":"2026-10-06T01:04:59.734583Z","level":"info","event":"Filling up the DagBag from /opt/airflow/dags/xcom_check.py","logger":"airflow.dag_processing.dagbag.BundleDagBag","filename":"dagbag.py","lineno":460}
{"timestamp":"2026-10-06T01:05:30.296269Z","level":"info","event":"Filling up the DagBag from /opt/airflow/dags/xcom_check.py","logger":"airflow.dag_processing.dagbag.BundleDagBag","filename":"dagbag.py","lineno":460}
{"timestamp":"2026-10-06T01:06:00.875548Z","level":"info","event":"Filling up the DagBag from /opt/airflow/dags/xcom_check.py","logger":"airflow.dag_processing.dagbag.BundleDagBag","filename":"dagbag.py","lineno":460}
{"timestamp":"2026-10-06T01:06:31.528951Z","level":"info","event":"Filling up the DagBag from /opt/airflow/dags/xcom_check.py","logger":"airflow.dag_processing.dagbag.BundleDagBag","filename":"dagbag.py","lineno":460}
{"timestamp":"2026-10-06T01:07:02.060889Z","level":"info","event":"Filling up the DagBag from /opt/airflow/dags/xcom_check.py","logger":"airflow.dag_processing.dagbag.BundleDagBag","filename":"dagbag.py","lineno":460}
{"timestamp":"2026-10-06T01:07:32.584379Z","level":"info","event":"Filling up the DagBag from /opt/airflow/dags/xcom_check.py","logger":"airflow.dag_processing.dagbag.BundleDagBag","filename":"dagbag.py","lineno":460}
{"timestamp":"2026-10-06T01:08:03.288942Z","level":"info","event":"Filling up the DagBag from /opt/airflow/dags/xcom_check.py","logger":"airflow.dag_processing.dagbag.BundleDagBag","filename":"dagbag.py","lineno":460}
{"timestamp":"2026-10-06T01:08:33.985182Z","level":"info","event":"Filling up the DagBag from /opt/airflow/dags/xcom_check.py","logger":"airflow.dag_processing.dagbag.BundleDagBag","filename":"dagbag.py","lineno":460}
{"timestamp":"2026-10-06T01:09:04.660130Z","level":"info","event":"Filling up the DagBag from /opt/airflow/dags/xcom_check.py","logger":"airflow.dag_processing.dagbag.BundleDagBag","filename":"dagbag.py","lineno":460}
{"timestamp":"2026-10-06T01:09:35.308612Z","level":"info","event":"Filling up the DagBag from /opt/airflow/dags/xcom_check.py","logger":"airflow.dag_processing.dagbag.BundleDagBag","filename":"dagbag.py","lineno":460}
{"timestamp":"2026-10-06T01:10:05.970288Z","level":"info","event":"Filling up the DagBag from /opt/airflow/dags/xcom_check.py","logger":"airflow.dag_processing.dagbag.BundleDagBag","filename":"dagbag.py","lineno":460}
{"timestamp":"2026-10-06T01:10:36.524471Z","level":"info","event":"Filling up the DagBag from /opt/airflow/dags/xcom_check.py","logger":"airflow.dag_processing.dagbag.BundleDagBag","filename":"dagbag.py","lineno":460}
{"timestamp":"2026-10-06T01:11:07.207374Z","level":"info","event":"Filling up the DagBag from /opt/airflow/dags/xcom_check.py","logger":"airflow.dag_processing.dagbag.BundleDagBag","filename":"dagbag.py","lineno":460}
{"timestamp":"2026-10-06T01:11:37.807784Z","level":"info","event":"Filling up the DagBag from /opt/airflow/dags/xcom_check.py","logger":"airflow.dag_processing.dagbag.BundleDagBag","filename":"dagbag.py","lineno":460}
{"timestamp":"2026-10-06T01:12:08.370730Z","level":"info","event":"Filling up the DagBag from /opt/airflow/dags/xcom_check.py","logger":"airflow.dag_processing.dagbag.BundleDagBag","filename":"dagbag.py","lineno":460}
{"timestamp":"2026-10-06T01:12:38.690922Z","level":"info","event":"Filling up the DagBag from /opt/airflow/dags/xcom_check.py","logger":"airflow.dag_processing.dagbag.BundleDagBag","filename":"dagbag.py","lineno":460}
{"timestamp":"2026-10-06T01:13:09.305761Z","level":"info","event":"Filling up the DagBag from /opt/airflow/dags/xcom_check.py","logger":"airflow.dag_processing.dagbag.BundleDagBag","filename":"dagbag.py","lineno":460}
{"timestamp":"2026-10-06T01:13:39.883758Z","level":"info","event":"Filling up the DagBag from /opt/airflow/dags/xcom_check.py","logger":"airflow.dag_processing.dagbag.BundleDagBag","filename":"dagbag.py","lineno":460}
{"timestamp":"2026-10-06T01:14:10.303601Z","level":"info","event":"Filling up the DagBag from /opt/airflow/dags/xcom_check.py","logger":"airflow.dag_processing.dagbag.BundleDagBag","filename":"dagbag.py","lineno":460}
{"timestamp":"2026-10-06T01:14:40.973677Z","level":"info","event":"Filling up the DagBag from /opt/airflow/dags/xcom_check.py","logger":"airflow.dag_processing.dagbag.BundleDagBag","filename":"dagbag.py","lineno":460}
{"timestamp":"2026-10-06T01:15:11.698717Z","level":"info","event":"Filling up the DagBag from /opt/airflow/dags/xcom_check.py","logger":"airflow.dag_processing.dagbag.BundleDagBag","filename":"dagbag.py","lineno":460}
{"timestamp":"2026-10-06T01:15:42.402106Z","level":"info","event":"Filling up the DagBag from /opt/airflow/dags/xcom_check.py","logger":"airflow.dag_processing.dagbag.BundleDagBag","filename":"dagbag.py","lineno":460}
{"timestamp":"2026-10-06T01:16:13.004346Z","level":"info","event":"Filling up the DagBag from /opt/airflow/dags/xcom_check.py","logger":"airflow.dag_processing.dagbag.BundleDagBag","filename":"dagbag.py","lineno":460}
{"timestamp":"2026-10-06T01:16:43.909413Z","level":"info","event":"Filling up the DagBag from /opt/airflow/dags/xcom_check.py","logger":"airflow.dag_processing.dagbag.BundleDagBag","filename":"dagbag.py","lineno":460}
{"timestamp":"2026-10-06T01:17:14.498203Z","level":"info","event":"Filling up the DagBag from /opt/airflow/dags/xcom_check.py","logger":"airflow.dag_processing.dagbag.BundleDagBag","filename":"dagbag.py","lineno":460}
{"timestamp":"2026-10-06T01:17:45.129051Z","level":"info","event":"Filling up the DagBag from /opt/airflow/dags/xcom_check.py","logger":"airflow.dag_processing.dagbag.BundleDagBag","filename":"dagbag.py","lineno":460}
{"timestamp":"2026-10-06T01:18:16.221618Z","level":"info","event":"Filling up the DagBag from /opt/airflow/dags/xcom_check.py","logger":"airflow.dag_processing.dagbag.BundleDagBag","filename":"dagbag.py","lineno":460}
{"timestamp":"2026-10-06T01:18:46.745701Z","level":"info","event":"Filling up the DagBag from /opt/airflow/dags/xcom_check.py","logger":"airflow.dag_processing.dagbag.BundleDagBag","filename":"dagbag.py","lineno":460}
{"timestamp":"2026-10-06T01:19:17.421492Z","level":"info","event":"Filling up the DagBag from /opt/airflow/dags/xcom_check.py","logger":"airflow.dag_processing.dagbag.BundleDagBag","filename":"dagbag.py","lineno":460}
{"timestamp":"2026-10-06T01:19:48.129884Z","level":"info","event":"Filling up the DagBag from /opt/airflow/dags/xcom_check.py","logger":"airflow.dag_processing.dagbag.BundleDagBag","filename":"dagbag.py","lineno":460}
{"timestamp":"2026-10-06T01:20:18.942918Z","level":"info","event":"Filling up the DagBag from /opt/airflow/dags/xcom_check.py","logger":"airflow.dag_processing.dagbag.BundleDagBag","filename":"dagbag.py","lineno":460}
{"timestamp":"2026-10-06T01:20:49.622970Z","level":"info","event":"Filling up the DagBag from /opt/airflow/dags/xcom_check.py","logger":"airflow.dag_processing.dagbag.BundleDagBag","filename":"dagbag.py","lineno":460}
{"timestamp":"2026-10-06T01:21:20.283379Z","level":"info","event":"Filling up the DagBag from /opt/airflow/dags/xcom_check.py","logger":"airflow.dag_processing.dagbag.BundleDagBag","filename":"dagbag.py","lineno":460}
{"timestamp":"2026-10-06T01:21:52.544220Z","level":"info","event":"Filling up the DagBag from /opt/airflow/dags/xcom_check.py","logger":"airflow.dag_processing.dagbag.BundleDagBag","filename":"dagbag.py","lineno":460}
{"timestamp":"2026-10-06T01:22:23.529560Z","level":"info","event":"Filling up the DagBag from /opt/airflow/dags/xcom_check.py","logger":"airflow.dag_processing.dagbag.BundleDagBag","filename":"dagbag.py","lineno":460}
{"timestamp":"2026-10-06T01:22:54.153988Z","level":"info","event":"Filling up the DagBag from /opt/airflow/dags/xcom_check.py","logger":"airflow.dag_processing.dagbag.BundleDagBag","filename":"dagbag.py","lineno":460}
{"timestamp":"2026-10-06T01:23:24.812480Z","level":"info","event":"Filling up the DagBag from /opt/airflow/dags/xcom_check.py","logger":"airflow.dag_processing.dagbag.BundleDagBag","filename":"dagbag.py","lineno":460}
{"timestamp":"2026-10-06T01:24:24.214142Z","level":"info","event":"Filling up the DagBag from /opt/airflow/dags/xcom_check.py","logger":"airflow.dag_processing.dagbag.BundleDagBag","filename":"dagbag.py","lineno":460}
{"timestamp":"2026-10-06T01:24:54.872377Z","level":"info","event":"Filling up the DagBag from /opt/airflow/dags/xcom_check.py","logger":"airflow.dag_processing.dagbag.BundleDagBag","filename":"dagbag.py","lineno":460}
{"timestamp":"2026-10-06T01:25:25.436342Z","level":"info","event":"Filling up the DagBag from /opt/airflow/dags/xcom_check.py","logger":"airflow.dag_processing.dagbag.BundleDagBag","filename":"dagbag.py","lineno":460}
{"timestamp":"2026-10-06T01:25:56.011270Z","level":"info","event":"Filling up the DagBag from /opt/airflow/dags/xcom_check.py","logger":"airflow.dag_processing.dagbag.BundleDagBag","filename":"dagbag.py","lineno":460}
{"timestamp":"2026-10-06T01:26:26.524978Z","level":"info","event":"Filling up the DagBag from /opt/airflow/dags/xcom_check.py","logger":"airflow.dag_processing.dagbag.BundleDagBag","filename":"dagbag.py","lineno":460}
{"timestamp":"2026-10-06T01:26:57.111019Z","level":"info","event":"Filling up the DagBag from /opt/airflow/dags/xcom_check.py","logger":"airflow.dag_processing.dagbag.BundleDagBag","filename":"dagbag.py","lineno":460}
{"timestamp":"2026-10-06T01:27:27.698126Z","level":"info","event":"Filling up the DagBag from /opt/airflow/dags/xcom_check.py","logger":"airflow.dag_processing.dagbag.BundleDagBag","filename":"dagbag.py","lineno":460}
{"timestamp":"2026-10-06T01:27:58.380046Z","level":"info","event":"Filling up the DagBag from /opt/airflow/dags/xcom_check.py","logger":"airflow.dag_processing.dagbag.BundleDagBag","filename":"dagbag.py","lineno":460}
{"timestamp":"2026-10-06T01:28:29.013737Z","level":"info","event":"Filling up the DagBag from /opt/airflow/dags/xcom_check.py","logger":"airflow.dag_processing.dagbag.BundleDagBag","filename":"dagbag.py","lineno":460}
{"timestamp":"2026-10-06T01:28:59.202097Z","level":"info","event":"Filling up the DagBag from /opt/airflow/dags/xcom_check.py","logger":"airflow.dag_processing.dagbag.BundleDagBag","filename":"dagbag.py","lineno":460}
{"timestamp":"2026-10-06T01:29:29.747123Z","level":"info","event":"Filling up the DagBag from /opt/airflow/dags/xcom_check.py","logger":"airflow.dag_processing.dagbag.BundleDagBag","filename":"dagbag.py","lineno":460}
{"timestamp":"2026-10-06T01:29:43.265382Z","level":"info","event":"Filling up the DagBag from /opt/airflow/dags/xcom_check.py","logger":"airflow.dag_processing.dagbag.BundleDagBag","filename":"dagbag.py","lineno":460}
{"timestamp":"2026-10-06T01:29:43.304498Z","level":"error","event":"Failed to import: /opt/airflow/dags/xcom_check.py","logger":"airflow.dag_processing.importers.python_importer","filename":"python_importer.py","lineno":244,"error_detail":[{"exc_type":"SyntaxError","exc_value":"positional argument follows keyword argument (xcom_check.py, line 13)","exc_notes":[],"syntax_error":{"offset":1,"filename":"/opt/airflow/dags/xcom_check.py","line":")\n","lineno":13,"msg":"positional argument follows keyword argument"},"is_cause":false,"frames":[{"filename":"/home/airflow/.local/lib/python3.13/site-packages/airflow/dag_processing/importers/python_importer.py","lineno":238,"name":"parse"},{"filename":"<frozen importlib._bootstrap_external>","lineno":1019,"name":"exec_module"},{"filename":"<frozen importlib._bootstrap_external>","lineno":1157,"name":"get_code"},{"filename":"<frozen importlib._bootstrap_external>","lineno":1087,"name":"source_to_code"},{"filename":"<frozen importlib._bootstrap>","lineno":488,"name":"_call_with_frames_removed"}],"is_group":false,"exceptions":[]}]}
{"timestamp":"2026-10-06T01:29:43.305793Z","level":"error","event":"Error loading DAG from xcom_check.py: positional argument follows keyword argument (xcom_check.py, line 13)","logger":"airflow.dag_processing.dagbag.BundleDagBag","filename":"dagbag.py","lineno":319}
{"timestamp":"2026-10-06T01:29:46.447563Z","level":"info","event":"Filling up the DagBag from /opt/airflow/dags/xcom_check.py","logger":"airflow.dag_processing.dagbag.BundleDagBag","filename":"dagbag.py","lineno":460}
{"timestamp":"2026-10-06T01:29:46.491199Z","level":"error","event":"Failed to import: /opt/airflow/dags/xcom_check.py","logger":"airflow.dag_processing.importers.python_importer","filename":"python_importer.py","lineno":244,"error_detail":[{"exc_type":"SyntaxError","exc_value":"positional argument follows keyword argument (xcom_check.py, line 13)","exc_notes":[],"syntax_error":{"offset":1,"filename":"/opt/airflow/dags/xcom_check.py","line":")\n","lineno":13,"msg":"positional argument follows keyword argument"},"is_cause":false,"frames":[{"filename":"/home/airflow/.local/lib/python3.13/site-packages/airflow/dag_processing/importers/python_importer.py","lineno":238,"name":"parse"},{"filename":"<frozen importlib._bootstrap_external>","lineno":1019,"name":"exec_module"},{"filename":"<frozen importlib._bootstrap_external>","lineno":1157,"name":"get_code"},{"filename":"<frozen importlib._bootstrap_external>","lineno":1087,"name":"source_to_code"},{"filename":"<frozen importlib._bootstrap>","lineno":488,"name":"_call_with_frames_removed"}],"is_group":false,"exceptions":[]}]}
{"timestamp":"2026-10-06T01:29:46.492624Z","level":"error","event":"Error loading DAG from xcom_check.py: positional argument follows keyword argument (xcom_check.py, line 13)","logger":"airflow.dag_processing.dagbag.BundleDagBag","filename":"dagbag.py","lineno":319}
{"timestamp":"2026-10-06T01:29:49.613600Z","level":"info","event":"Filling up the DagBag from /opt/airflow/dags/xcom_check.py","logger":"airflow.dag_processing.dagbag.BundleDagBag","filename":"dagbag.py","lineno":460}
{"timestamp":"2026-10-06T01:30:20.213305Z","level":"info","event":"Filling up the DagBag from /opt/airflow/dags/xcom_check.py","logger":"airflow.dag_processing.dagbag.BundleDagBag","filename":"dagbag.py","lineno":460}
{"timestamp":"2026-10-06T01:30:50.821252Z","level":"info","event":"Filling up the DagBag from /opt/airflow/dags/xcom_check.py","logger":"airflow.dag_processing.dagbag.BundleDagBag","filename":"dagbag.py","lineno":460}
{"timestamp":"2026-10-06T01:31:21.422220Z","level":"info","event":"Filling up the DagBag from /opt/airflow/dags/xcom_check.py","logger":"airflow.dag_processing.dagbag.BundleDagBag","filename":"dagbag.py","lineno":460}
{"timestamp":"2026-10-06T01:31:52.069227Z","level":"info","event":"Filling up the DagBag from /opt/airflow/dags/xcom_check.py","logger":"airflow.dag_processing.dagbag.BundleDagBag","filename":"dagbag.py","lineno":460}
{"timestamp":"2026-10-06T01:32:22.696757Z","level":"info","event":"Filling up the DagBag from /opt/airflow/dags/xcom_check.py","logger":"airflow.dag_processing.dagbag.BundleDagBag","filename":"dagbag.py","lineno":460}
{"timestamp":"2026-10-06T01:32:53.294198Z","level":"info","event":"Filling up the DagBag from /opt/airflow/dags/xcom_check.py","logger":"airflow.dag_processing.dagbag.BundleDagBag","filename":"dagbag.py","lineno":460}
{"timestamp":"2026-10-06T01:33:23.928336Z","level":"info","event":"Filling up the DagBag from /opt/airflow/dags/xcom_check.py","logger":"airflow.dag_processing.dagbag.BundleDagBag","filename":"dagbag.py","lineno":460}
{"timestamp":"2026-10-06T01:33:54.535251Z","level":"info","event":"Filling up the DagBag from /opt/airflow/dags/xcom_check.py","logger":"airflow.dag_processing.dagbag.BundleDagBag","filename":"dagbag.py","lineno":460}
{"timestamp":"2026-10-06T01:34:25.146525Z","level":"info","event":"Filling up the DagBag from /opt/airflow/dags/xcom_check.py","logger":"airflow.dag_processing.dagbag.BundleDagBag","filename":"dagbag.py","lineno":460}
{"timestamp":"2026-10-06T01:34:55.777162Z","level":"info","event":"Filling up the DagBag from /opt/airflow/dags/xcom_check.py","logger":"airflow.dag_processing.dagbag.BundleDagBag","filename":"dagbag.py","lineno":460}
{"timestamp":"2026-10-06T01:35:26.332375Z","level":"info","event":"Filling up the DagBag from /opt/airflow/dags/xcom_check.py","logger":"airflow.dag_processing.dagbag.BundleDagBag","filename":"dagbag.py","lineno":460}
{"timestamp":"2026-10-06T01:35:56.893501Z","level":"info","event":"Filling up the DagBag from /opt/airflow/dags/xcom_check.py","logger":"airflow.dag_processing.dagbag.BundleDagBag","filename":"dagbag.py","lineno":460}
{"timestamp":"2026-10-06T01:36:27.467994Z","level":"info","event":"Filling up the DagBag from /opt/airflow/dags/xcom_check.py","logger":"airflow.dag_processing.dagbag.BundleDagBag","filename":"dagbag.py","lineno":460}
{"timestamp":"2026-10-06T01:36:58.053597Z","level":"info","event":"Filling up the DagBag from /opt/airflow/dags/xcom_check.py","logger":"airflow.dag_processing.dagbag.BundleDagBag","filename":"dagbag.py","lineno":460}
{"timestamp":"2026-10-06T01:37:28.585800Z","level":"info","event":"Filling up the DagBag from /opt/airflow/dags/xcom_check.py","logger":"airflow.dag_processing.dagbag.BundleDagBag","filename":"dagbag.py","lineno":460}
{"timestamp":"2026-10-06T01:37:59.197450Z","level":"info","event":"Filling up the DagBag from /opt/airflow/dags/xcom_check.py","logger":"airflow.dag_processing.dagbag.BundleDagBag","filename":"dagbag.py","lineno":460}
{"timestamp":"2026-10-06T01:38:29.888971Z","level":"info","event":"Filling up the DagBag from /opt/airflow/dags/xcom_check.py","logger":"airflow.dag_processing.dagbag.BundleDagBag","filename":"dagbag.py","lineno":460}
{"timestamp":"2026-10-06T01:38:36.234629Z","level":"info","event":"Filling up the DagBag from /opt/airflow/dags/xcom_check.py","logger":"airflow.dag_processing.dagbag.BundleDagBag","filename":"dagbag.py","lineno":460}
{"timestamp":"2026-10-06T01:38:36.251339Z","level":"info","event":"File /opt/airflow/dags/xcom_check.py assumed to contain no DAGs. Skipping.","logger":"airflow.dag_processing.dagbag.BundleDagBag","filename":"dagbag.py","lineno":310}
{"timestamp":"2026-10-06T01:38:40.390002Z","level":"info","event":"Filling up the DagBag from /opt/airflow/dags/xcom_check.py","logger":"airflow.dag_processing.dagbag.BundleDagBag","filename":"dagbag.py","lineno":460}
{"timestamp":"2026-10-06T01:38:43.562996Z","level":"info","event":"Filling up the DagBag from /opt/airflow/dags/xcom_check.py","logger":"airflow.dag_processing.dagbag.BundleDagBag","filename":"dagbag.py","lineno":460}
{"timestamp":"2026-10-06T01:38:43.595614Z","level":"error","event":"Failed to import: /opt/airflow/dags/xcom_check.py","logger":"airflow.dag_processing.importers.python_importer","filename":"python_importer.py","lineno":244,"error_detail":[{"exc_type":"SyntaxError","exc_value":"invalid syntax (xcom_check.py, line 2)","exc_notes":[],"syntax_error":{"offset":6,"filename":"/opt/airflow/dags/xcom_check.py","line":"from ","lineno":2,"msg":"invalid syntax"},"is_cause":false,"frames":[{"filename":"/home/airflow/.local/lib/python3.13/site-packages/airflow/dag_processing/importers/python_importer.py","lineno":238,"name":"parse"},{"filename":"<frozen importlib._bootstrap_external>","lineno":1019,"name":"exec_module"},{"filename":"<frozen importlib._bootstrap_external>","lineno":1157,"name":"get_code"},{"filename":"<frozen importlib._bootstrap_external>","lineno":1087,"name":"source_to_code"},{"filename":"<frozen importlib._bootstrap>","lineno":488,"name":"_call_with_frames_removed"}],"is_group":false,"exceptions":[]}]}
{"timestamp":"2026-10-06T01:38:43.596679Z","level":"error","event":"Error loading DAG from xcom_check.py: invalid syntax (xcom_check.py, line 2)","logger":"airflow.dag_processing.dagbag.BundleDagBag","filename":"dagbag.py","lineno":319}
{"timestamp":"2026-10-06T01:38:48.741732Z","level":"info","event":"Filling up the DagBag from /opt/airflow/dags/xcom_check.py","logger":"airflow.dag_processing.dagbag.BundleDagBag","filename":"dagbag.py","lineno":460}
{"timestamp":"2026-10-06T01:38:50.906611Z","level":"info","event":"Filling up the DagBag from /opt/airflow/dags/xcom_check.py","logger":"airflow.dag_processing.dagbag.BundleDagBag","filename":"dagbag.py","lineno":460}
{"timestamp":"2026-10-06T01:38:54.096432Z","level":"info","event":"Filling up the DagBag from /opt/airflow/dags/xcom_check.py","logger":"airflow.dag_processing.dagbag.BundleDagBag","filename":"dagbag.py","lineno":460}
{"timestamp":"2026-10-06T01:38:54.128966Z","level":"error","event":"Failed to import: /opt/airflow/dags/xcom_check.py","logger":"airflow.dag_processing.importers.python_importer","filename":"python_importer.py","lineno":244,"error_detail":[{"exc_type":"SyntaxError","exc_value":"invalid syntax (xcom_check.py, line 4)","exc_notes":[],"syntax_error":{"offset":2,"filename":"/opt/airflow/dags/xcom_check.py","line":"@","lineno":4,"msg":"invalid syntax"},"is_cause":false,"frames":[{"filename":"/home/airflow/.local/lib/python3.13/site-packages/airflow/dag_processing/importers/python_importer.py","lineno":238,"name":"parse"},{"filename":"<frozen importlib._bootstrap_external>","lineno":1019,"name":"exec_module"},{"filename":"<frozen importlib._bootstrap_external>","lineno":1157,"name":"get_code"},{"filename":"<frozen importlib._bootstrap_external>","lineno":1087,"name":"source_to_code"},{"filename":"<frozen importlib._bootstrap>","lineno":488,"name":"_call_with_frames_removed"}],"is_group":false,"exceptions":[]}]}
{"timestamp":"2026-10-06T01:38:54.129859Z","level":"error","event":"Error loading DAG from xcom_check.py: invalid syntax (xcom_check.py, line 4)","logger":"airflow.dag_processing.dagbag.BundleDagBag","filename":"dagbag.py","lineno":319}
{"timestamp":"2026-10-06T01:38:58.261490Z","level":"info","event":"Filling up the DagBag from /opt/airflow/dags/xcom_check.py","logger":"airflow.dag_processing.dagbag.BundleDagBag","filename":"dagbag.py","lineno":460}
{"timestamp":"2026-10-06T01:38:58.297240Z","level":"error","event":"Failed to import: /opt/airflow/dags/xcom_check.py","logger":"airflow.dag_processing.importers.python_importer","filename":"python_importer.py","lineno":244,"error_detail":[{"exc_type":"SyntaxError","exc_value":"invalid syntax (xcom_check.py, line 4)","exc_notes":[],"syntax_error":{"offset":0,"filename":"/opt/airflow/dags/xcom_check.py","line":"@DAG","lineno":4,"msg":"invalid syntax"},"is_cause":false,"frames":[{"filename":"/home/airflow/.local/lib/python3.13/site-packages/airflow/dag_processing/importers/python_importer.py","lineno":238,"name":"parse"},{"filename":"<frozen importlib._bootstrap_external>","lineno":1019,"name":"exec_module"},{"filename":"<frozen importlib._bootstrap_external>","lineno":1157,"name":"get_code"},{"filename":"<frozen importlib._bootstrap_external>","lineno":1087,"name":"source_to_code"},{"filename":"<frozen importlib._bootstrap>","lineno":488,"name":"_call_with_frames_removed"}],"is_group":false,"exceptions":[]}]}
{"timestamp":"2026-10-06T01:38:58.298222Z","level":"error","event":"Error loading DAG from xcom_check.py: invalid syntax (xcom_check.py, line 4)","logger":"airflow.dag_processing.dagbag.BundleDagBag","filename":"dagbag.py","lineno":319}
{"timestamp":"2026-10-06T01:38:59.390864Z","level":"info","event":"Filling up the DagBag from /opt/airflow/dags/xcom_check.py","logger":"airflow.dag_processing.dagbag.BundleDagBag","filename":"dagbag.py","lineno":460}
{"timestamp":"2026-10-06T01:38:59.423626Z","level":"error","event":"Failed to import: /opt/airflow/dags/xcom_check.py","logger":"airflow.dag_processing.importers.python_importer","filename":"python_importer.py","lineno":244,"error_detail":[{"exc_type":"SyntaxError","exc_value":"invalid syntax (xcom_check.py, line 4)","exc_notes":[],"syntax_error":{"offset":0,"filename":"/opt/airflow/dags/xcom_check.py","line":"@DAG()","lineno":4,"msg":"invalid syntax"},"is_cause":false,"frames":[{"filename":"/home/airflow/.local/lib/python3.13/site-packages/airflow/dag_processing/importers/python_importer.py","lineno":238,"name":"parse"},{"filename":"<frozen importlib._bootstrap_external>","lineno":1019,"name":"exec_module"},{"filename":"<frozen importlib._bootstrap_external>","lineno":1157,"name":"get_code"},{"filename":"<frozen importlib._bootstrap_external>","lineno":1087,"name":"source_to_code"},{"filename":"<frozen importlib._bootstrap>","lineno":488,"name":"_call_with_frames_removed"}],"is_group":false,"exceptions":[]}]}
{"timestamp":"2026-10-06T01:38:59.424466Z","level":"error","event":"Error loading DAG from xcom_check.py: invalid syntax (xcom_check.py, line 4)","logger":"airflow.dag_processing.dagbag.BundleDagBag","filename":"dagbag.py","lineno":319}
{"timestamp":"2026-10-06T01:39:01.538735Z","level":"info","event":"Filling up the DagBag from /opt/airflow/dags/xcom_check.py","logger":"airflow.dag_processing.dagbag.BundleDagBag","filename":"dagbag.py","lineno":460}
{"timestamp":"2026-10-06T01:39:01.576512Z","level":"error","event":"Failed to import: /opt/airflow/dags/xcom_check.py","logger":"airflow.dag_processing.importers.python_importer","filename":"python_importer.py","lineno":244,"error_detail":[{"exc_type":"SyntaxError","exc_value":"invalid syntax (xcom_check.py, line 6)","exc_notes":[],"syntax_error":{"offset":0,"filename":"/opt/airflow/dags/xcom_check.py","line":")","lineno":6,"msg":"invalid syntax"},"is_cause":false,"frames":[{"filename":"/home/airflow/.local/lib/python3.13/site-packages/airflow/dag_processing/importers/python_importer.py","lineno":238,"name":"parse"},{"filename":"<frozen importlib._bootstrap_external>","lineno":1019,"name":"exec_module"},{"filename":"<frozen importlib._bootstrap_external>","lineno":1157,"name":"get_code"},{"filename":"<frozen importlib._bootstrap_external>","lineno":1087,"name":"source_to_code"},{"filename":"<frozen importlib._bootstrap>","lineno":488,"name":"_call_with_frames_removed"}],"is_group":false,"exceptions":[]}]}
{"timestamp":"2026-10-06T01:39:01.577626Z","level":"error","event":"Error loading DAG from xcom_check.py: invalid syntax (xcom_check.py, line 6)","logger":"airflow.dag_processing.dagbag.BundleDagBag","filename":"dagbag.py","lineno":319}
{"timestamp":"2026-10-06T01:39:06.791750Z","level":"info","event":"Filling up the DagBag from /opt/airflow/dags/xcom_check.py","logger":"airflow.dag_processing.dagbag.BundleDagBag","filename":"dagbag.py","lineno":460}
{"timestamp":"2026-10-06T01:39:06.839192Z","level":"error","event":"Failed to import: /opt/airflow/dags/xcom_check.py","logger":"airflow.dag_processing.importers.python_importer","filename":"python_importer.py","lineno":244,"error_detail":[{"exc_type":"SyntaxError","exc_value":"invalid syntax (xcom_check.py, line 6)","exc_notes":[],"syntax_error":{"offset":0,"filename":"/opt/airflow/dags/xcom_check.py","line":")","lineno":6,"msg":"invalid syntax"},"is_cause":false,"frames":[{"filename":"/home/airflow/.local/lib/python3.13/site-packages/airflow/dag_processing/importers/python_importer.py","lineno":238,"name":"parse"},{"filename":"<frozen importlib._bootstrap_external>","lineno":1019,"name":"exec_module"},{"filename":"<frozen importlib._bootstrap_external>","lineno":1157,"name":"get_code"},{"filename":"<frozen importlib._bootstrap_external>","lineno":1087,"name":"source_to_code"},{"filename":"<frozen importlib._bootstrap>","lineno":488,"name":"_call_with_frames_removed"}],"is_group":false,"exceptions":[]}]}
{"timestamp":"2026-10-06T01:39:06.840936Z","level":"error","event":"Error loading DAG from xcom_check.py: invalid syntax (xcom_check.py, line 6)","logger":"airflow.dag_processing.dagbag.BundleDagBag","filename":"dagbag.py","lineno":319}
{"timestamp":"2026-10-06T01:39:07.942903Z","level":"info","event":"Filling up the DagBag from /opt/airflow/dags/xcom_check.py","logger":"airflow.dag_processing.dagbag.BundleDagBag","filename":"dagbag.py","lineno":460}
{"timestamp":"2026-10-06T01:39:07.979757Z","level":"error","event":"Failed to import: /opt/airflow/dags/xcom_check.py","logger":"airflow.dag_processing.importers.python_importer","filename":"python_importer.py","lineno":244,"error_detail":[{"exc_type":"SyntaxError","exc_value":"invalid syntax (xcom_check.py, line 7)","exc_notes":[],"syntax_error":{"offset":0,"filename":"/opt/airflow/dags/xcom_check.py","line":")","lineno":7,"msg":"invalid syntax"},"is_cause":false,"frames":[{"filename":"/home/airflow/.local/lib/python3.13/site-packages/airflow/dag_processing/importers/python_importer.py","lineno":238,"name":"parse"},{"filename":"<frozen importlib._bootstrap_external>","lineno":1019,"name":"exec_module"},{"filename":"<frozen importlib._bootstrap_external>","lineno":1157,"name":"get_code"},{"filename":"<frozen importlib._bootstrap_external>","lineno":1087,"name":"source_to_code"},{"filename":"<frozen importlib._bootstrap>","lineno":488,"name":"_call_with_frames_removed"}],"is_group":false,"exceptions":[]}]}
{"timestamp":"2026-10-06T01:39:07.980655Z","level":"error","event":"Error loading DAG from xcom_check.py: invalid syntax (xcom_check.py, line 7)","logger":"airflow.dag_processing.dagbag.BundleDagBag","filename":"dagbag.py","lineno":319}
{"timestamp":"2026-10-06T01:39:13.124167Z","level":"info","event":"Filling up the DagBag from /opt/airflow/dags/xcom_check.py","logger":"airflow.dag_processing.dagbag.BundleDagBag","filename":"dagbag.py","lineno":460}
{"timestamp":"2026-10-06T01:39:13.155253Z","level":"error","event":"Failed to import: /opt/airflow/dags/xcom_check.py","logger":"airflow.dag_processing.importers.python_importer","filename":"python_importer.py","lineno":244,"error_detail":[{"exc_type":"SyntaxError","exc_value":"invalid syntax (xcom_check.py, line 7)","exc_notes":[],"syntax_error":{"offset":0,"filename":"/opt/airflow/dags/xcom_check.py","line":")","lineno":7,"msg":"invalid syntax"},"is_cause":false,"frames":[{"filename":"/home/airflow/.local/lib/python3.13/site-packages/airflow/dag_processing/importers/python_importer.py","lineno":238,"name":"parse"},{"filename":"<frozen importlib._bootstrap_external>","lineno":1019,"name":"exec_module"},{"filename":"<frozen importlib._bootstrap_external>","lineno":1157,"name":"get_code"},{"filename":"<frozen importlib._bootstrap_external>","lineno":1087,"name":"source_to_code"},{"filename":"<frozen importlib._bootstrap>","lineno":488,"name":"_call_with_frames_removed"}],"is_group":false,"exceptions":[]}]}
{"timestamp":"2026-10-06T01:39:13.156152Z","level":"error","event":"Error loading DAG from xcom_check.py: invalid syntax (xcom_check.py, line 7)","logger":"airflow.dag_processing.dagbag.BundleDagBag","filename":"dagbag.py","lineno":319}
{"timestamp":"2026-10-06T01:39:15.268801Z","level":"info","event":"Filling up the DagBag from /opt/airflow/dags/xcom_check.py","logger":"airflow.dag_processing.dagbag.BundleDagBag","filename":"dagbag.py","lineno":460}
{"timestamp":"2026-10-06T01:39:15.304239Z","level":"error","event":"Failed to import: /opt/airflow/dags/xcom_check.py","logger":"airflow.dag_processing.importers.python_importer","filename":"python_importer.py","lineno":244,"error_detail":[{"exc_type":"SyntaxError","exc_value":"invalid syntax (xcom_check.py, line 7)","exc_notes":[],"syntax_error":{"offset":0,"filename":"/opt/airflow/dags/xcom_check.py","line":"\n","lineno":7,"msg":"invalid syntax"},"is_cause":false,"frames":[{"filename":"/home/airflow/.local/lib/python3.13/site-packages/airflow/dag_processing/importers/python_importer.py","lineno":238,"name":"parse"},{"filename":"<frozen importlib._bootstrap_external>","lineno":1019,"name":"exec_module"},{"filename":"<frozen importlib._bootstrap_external>","lineno":1157,"name":"get_code"},{"filename":"<frozen importlib._bootstrap_external>","lineno":1087,"name":"source_to_code"},{"filename":"<frozen importlib._bootstrap>","lineno":488,"name":"_call_with_frames_removed"}],"is_group":false,"exceptions":[]}]}
{"timestamp":"2026-10-06T01:39:15.305152Z","level":"error","event":"Error loading DAG from xcom_check.py: invalid syntax (xcom_check.py, line 7)","logger":"airflow.dag_processing.dagbag.BundleDagBag","filename":"dagbag.py","lineno":319}
{"timestamp":"2026-10-06T01:39:18.417520Z","level":"info","event":"Filling up the DagBag from /opt/airflow/dags/xcom_check.py","logger":"airflow.dag_processing.dagbag.BundleDagBag","filename":"dagbag.py","lineno":460}
{"timestamp":"2026-10-06T01:39:18.449389Z","level":"error","event":"Failed to import: /opt/airflow/dags/xcom_check.py","logger":"airflow.dag_processing.importers.python_importer","filename":"python_importer.py","lineno":244,"error_detail":[{"exc_type":"IndentationError","exc_value":"expected an indented block after function definition on line 8 (xcom_check.py, line 8)","exc_notes":[],"syntax_error":{"offset":18,"filename":"/opt/airflow/dags/xcom_check.py","line":"def xcom_check():","lineno":8,"msg":"expected an indented block after function definition on line 8"},"is_cause":false,"frames":[{"filename":"/home/airflow/.local/lib/python3.13/site-packages/airflow/dag_processing/importers/python_importer.py","lineno":238,"name":"parse"},{"filename":"<frozen importlib._bootstrap_external>","lineno":1019,"name":"exec_module"},{"filename":"<frozen importlib._bootstrap_external>","lineno":1157,"name":"get_code"},{"filename":"<frozen importlib._bootstrap_external>","lineno":1087,"name":"source_to_code"},{"filename":"<frozen importlib._bootstrap>","lineno":488,"name":"_call_with_frames_removed"}],"is_group":false,"exceptions":[]}]}
{"timestamp":"2026-10-06T01:39:18.450278Z","level":"error","event":"Error loading DAG from xcom_check.py: expected an indented block after function definition on line 8 (xcom_check.py, line 8)","logger":"airflow.dag_processing.dagbag.BundleDagBag","filename":"dagbag.py","lineno":319}
{"timestamp":"2026-10-06T01:39:20.570362Z","level":"info","event":"Filling up the DagBag from /opt/airflow/dags/xcom_check.py","logger":"airflow.dag_processing.dagbag.BundleDagBag","filename":"dagbag.py","lineno":460}
{"timestamp":"2026-10-06T01:39:20.609754Z","level":"error","event":"Failed to import: /opt/airflow/dags/xcom_check.py","logger":"airflow.dag_processing.importers.python_importer","filename":"python_importer.py","lineno":244,"error_detail":[{"exc_type":"IndentationError","exc_value":"expected an indented block after function definition on line 8 (xcom_check.py, line 9)","exc_notes":[],"syntax_error":{"offset":5,"filename":"/opt/airflow/dags/xcom_check.py","line":"    ","lineno":9,"msg":"expected an indented block after function definition on line 8"},"is_cause":false,"frames":[{"filename":"/home/airflow/.local/lib/python3.13/site-packages/airflow/dag_processing/importers/python_importer.py","lineno":238,"name":"parse"},{"filename":"<frozen importlib._bootstrap_external>","lineno":1019,"name":"exec_module"},{"filename":"<frozen importlib._bootstrap_external>","lineno":1157,"name":"get_code"},{"filename":"<frozen importlib._bootstrap_external>","lineno":1087,"name":"source_to_code"},{"filename":"<frozen importlib._bootstrap>","lineno":488,"name":"_call_with_frames_removed"}],"is_group":false,"exceptions":[]}]}
{"timestamp":"2026-10-06T01:39:20.610618Z","level":"error","event":"Error loading DAG from xcom_check.py: expected an indented block after function definition on line 8 (xcom_check.py, line 9)","logger":"airflow.dag_processing.dagbag.BundleDagBag","filename":"dagbag.py","lineno":319}
{"timestamp":"2026-10-06T01:39:22.705594Z","level":"info","event":"Filling up the DagBag from /opt/airflow/dags/xcom_check.py","logger":"airflow.dag_processing.dagbag.BundleDagBag","filename":"dagbag.py","lineno":460}
{"timestamp":"2026-10-06T01:39:22.738545Z","level":"error","event":"Failed to import: /opt/airflow/dags/xcom_check.py","logger":"airflow.dag_processing.importers.python_importer","filename":"python_importer.py","lineno":244,"error_detail":[{"exc_type":"IndentationError","exc_value":"expected an indented block after function definition on line 8 (xcom_check.py, line 10)","exc_notes":[],"syntax_error":{"offset":5,"filename":"/opt/airflow/dags/xcom_check.py","line":"    ","lineno":10,"msg":"expected an indented block after function definition on line 8"},"is_cause":false,"frames":[{"filename":"/home/airflow/.local/lib/python3.13/site-packages/airflow/dag_processing/importers/python_importer.py","lineno":238,"name":"parse"},{"filename":"<frozen importlib._bootstrap_external>","lineno":1019,"name":"exec_module"},{"filename":"<frozen importlib._bootstrap_external>","lineno":1157,"name":"get_code"},{"filename":"<frozen importlib._bootstrap_external>","lineno":1087,"name":"source_to_code"},{"filename":"<frozen importlib._bootstrap>","lineno":488,"name":"_call_with_frames_removed"}],"is_group":false,"exceptions":[]}]}
{"timestamp":"2026-10-06T01:39:22.739399Z","level":"error","event":"Error loading DAG from xcom_check.py: expected an indented block after function definition on line 8 (xcom_check.py, line 10)","logger":"airflow.dag_processing.dagbag.BundleDagBag","filename":"dagbag.py","lineno":319}
{"timestamp":"2026-10-06T01:39:27.871595Z","level":"info","event":"Filling up the DagBag from /opt/airflow/dags/xcom_check.py","logger":"airflow.dag_processing.dagbag.BundleDagBag","filename":"dagbag.py","lineno":460}
{"timestamp":"2026-10-06T01:39:27.905282Z","level":"error","event":"Failed to import: /opt/airflow/dags/xcom_check.py","logger":"airflow.dag_processing.importers.python_importer","filename":"python_importer.py","lineno":244,"error_detail":[{"exc_type":"SyntaxError","exc_value":"invalid syntax (xcom_check.py, line 11)","exc_notes":[],"syntax_error":{"offset":9,"filename":"/opt/airflow/dags/xcom_check.py","line":"    def ","lineno":11,"msg":"invalid syntax"},"is_cause":false,"frames":[{"filename":"/home/airflow/.local/lib/python3.13/site-packages/airflow/dag_processing/importers/python_importer.py","lineno":238,"name":"parse"},{"filename":"<frozen importlib._bootstrap_external>","lineno":1019,"name":"exec_module"},{"filename":"<frozen importlib._bootstrap_external>","lineno":1157,"name":"get_code"},{"filename":"<frozen importlib._bootstrap_external>","lineno":1087,"name":"source_to_code"},{"filename":"<frozen importlib._bootstrap>","lineno":488,"name":"_call_with_frames_removed"}],"is_group":false,"exceptions":[]}]}
{"timestamp":"2026-10-06T01:39:27.906253Z","level":"error","event":"Error loading DAG from xcom_check.py: invalid syntax (xcom_check.py, line 11)","logger":"airflow.dag_processing.dagbag.BundleDagBag","filename":"dagbag.py","lineno":319}
{"timestamp":"2026-10-06T01:39:37.145603Z","level":"info","event":"Filling up the DagBag from /opt/airflow/dags/xcom_check.py","logger":"airflow.dag_processing.dagbag.BundleDagBag","filename":"dagbag.py","lineno":460}
{"timestamp":"2026-10-06T01:39:37.191676Z","level":"error","event":"Failed to import: /opt/airflow/dags/xcom_check.py","logger":"airflow.dag_processing.importers.python_importer","filename":"python_importer.py","lineno":244,"error_detail":[{"exc_type":"SyntaxError","exc_value":"expected ':' (xcom_check.py, line 11)","exc_notes":[],"syntax_error":{"offset":23,"filename":"/opt/airflow/dags/xcom_check.py","line":"    def extract_data()","lineno":11,"msg":"expected ':'"},"is_cause":false,"frames":[{"filename":"/home/airflow/.local/lib/python3.13/site-packages/airflow/dag_processing/importers/python_importer.py","lineno":238,"name":"parse"},{"filename":"<frozen importlib._bootstrap_external>","lineno":1019,"name":"exec_module"},{"filename":"<frozen importlib._bootstrap_external>","lineno":1157,"name":"get_code"},{"filename":"<frozen importlib._bootstrap_external>","lineno":1087,"name":"source_to_code"},{"filename":"<frozen importlib._bootstrap>","lineno":488,"name":"_call_with_frames_removed"}],"is_group":false,"exceptions":[]}]}
{"timestamp":"2026-10-06T01:39:37.193033Z","level":"error","event":"Error loading DAG from xcom_check.py: expected ':' (xcom_check.py, line 11)","logger":"airflow.dag_processing.dagbag.BundleDagBag","filename":"dagbag.py","lineno":319}
{"timestamp":"2026-10-06T01:39:38.338421Z","level":"info","event":"Filling up the DagBag from /opt/airflow/dags/xcom_check.py","logger":"airflow.dag_processing.dagbag.BundleDagBag","filename":"dagbag.py","lineno":460}
{"timestamp":"2026-10-06T01:39:38.388010Z","level":"error","event":"Failed to import: /opt/airflow/dags/xcom_check.py","logger":"airflow.dag_processing.importers.python_importer","filename":"python_importer.py","lineno":244,"error_detail":[{"exc_type":"IndentationError","exc_value":"expected an indented block after function definition on line 11 (xcom_check.py, line 12)","exc_notes":[],"syntax_error":{"offset":9,"filename":"/opt/airflow/dags/xcom_check.py","line":"        ","lineno":12,"msg":"expected an indented block after function definition on line 11"},"is_cause":false,"frames":[{"filename":"/home/airflow/.local/lib/python3.13/site-packages/airflow/dag_processing/importers/python_importer.py","lineno":238,"name":"parse"},{"filename":"<frozen importlib._bootstrap_external>","lineno":1019,"name":"exec_module"},{"filename":"<frozen importlib._bootstrap_external>","lineno":1157,"name":"get_code"},{"filename":"<frozen importlib._bootstrap_external>","lineno":1087,"name":"source_to_code"},{"filename":"<frozen importlib._bootstrap>","lineno":488,"name":"_call_with_frames_removed"}],"is_group":false,"exceptions":[]}]}
{"timestamp":"2026-10-06T01:39:38.388881Z","level":"error","event":"Error loading DAG from xcom_check.py: expected an indented block after function definition on line 11 (xcom_check.py, line 12)","logger":"airflow.dag_processing.dagbag.BundleDagBag","filename":"dagbag.py","lineno":319}
{"timestamp":"2026-10-06T01:39:44.550179Z","level":"info","event":"Filling up the DagBag from /opt/airflow/dags/xcom_check.py","logger":"airflow.dag_processing.dagbag.BundleDagBag","filename":"dagbag.py","lineno":460}
{"timestamp":"2026-10-06T01:39:44.617917Z","level":"error","event":"Failed to import: /opt/airflow/dags/xcom_check.py","logger":"airflow.dag_processing.importers.python_importer","filename":"python_importer.py","lineno":244,"error_detail":[{"exc_type":"TypeError","exc_value":"'DAG' object is not callable","exc_notes":[],"syntax_error":null,"is_cause":false,"frames":[{"filename":"/home/airflow/.local/lib/python3.13/site-packages/airflow/dag_processing/importers/python_importer.py","lineno":238,"name":"parse"},{"filename":"<frozen importlib._bootstrap_external>","lineno":1023,"name":"exec_module"},{"filename":"<frozen importlib._bootstrap>","lineno":488,"name":"_call_with_frames_removed"},{"filename":"/opt/airflow/dags/xcom_check.py","lineno":4,"name":"<module>"}],"is_group":false,"exceptions":[]}]}
{"timestamp":"2026-10-06T01:39:44.628225Z","level":"error","event":"Error loading DAG from xcom_check.py: 'DAG' object is not callable","logger":"airflow.dag_processing.dagbag.BundleDagBag","filename":"dagbag.py","lineno":319}
{"timestamp":"2026-10-06T01:39:48.755263Z","level":"info","event":"Filling up the DagBag from /opt/airflow/dags/xcom_check.py","logger":"airflow.dag_processing.dagbag.BundleDagBag","filename":"dagbag.py","lineno":460}
{"timestamp":"2026-10-06T01:39:48.785654Z","level":"error","event":"Failed to import: /opt/airflow/dags/xcom_check.py","logger":"airflow.dag_processing.importers.python_importer","filename":"python_importer.py","lineno":244,"error_detail":[{"exc_type":"IndentationError","exc_value":"expected an indented block after function definition on line 11 (xcom_check.py, line 12)","exc_notes":[],"syntax_error":{"offset":9,"filename":"/opt/airflow/dags/xcom_check.py","line":"        ","lineno":12,"msg":"expected an indented block after function definition on line 11"},"is_cause":false,"frames":[{"filename":"/home/airflow/.local/lib/python3.13/site-packages/airflow/dag_processing/importers/python_importer.py","lineno":238,"name":"parse"},{"filename":"<frozen importlib._bootstrap_external>","lineno":1019,"name":"exec_module"},{"filename":"<frozen importlib._bootstrap_external>","lineno":1157,"name":"get_code"},{"filename":"<frozen importlib._bootstrap_external>","lineno":1087,"name":"source_to_code"},{"filename":"<frozen importlib._bootstrap>","lineno":488,"name":"_call_with_frames_removed"}],"is_group":false,"exceptions":[]}]}
{"timestamp":"2026-10-06T01:39:48.786566Z","level":"error","event":"Error loading DAG from xcom_check.py: expected an indented block after function definition on line 11 (xcom_check.py, line 12)","logger":"airflow.dag_processing.dagbag.BundleDagBag","filename":"dagbag.py","lineno":319}
{"timestamp":"2026-10-06T01:39:58.973846Z","level":"info","event":"Filling up the DagBag from /opt/airflow/dags/xcom_check.py","logger":"airflow.dag_processing.dagbag.BundleDagBag","filename":"dagbag.py","lineno":460}
{"timestamp":"2026-10-06T01:39:59.048052Z","level":"error","event":"Failed to import: /opt/airflow/dags/xcom_check.py","logger":"airflow.dag_processing.importers.python_importer","filename":"python_importer.py","lineno":244,"error_detail":[{"exc_type":"TypeError","exc_value":"'DAG' object is not callable","exc_notes":[],"syntax_error":null,"is_cause":false,"frames":[{"filename":"/home/airflow/.local/lib/python3.13/site-packages/airflow/dag_processing/importers/python_importer.py","lineno":238,"name":"parse"},{"filename":"<frozen importlib._bootstrap_external>","lineno":1023,"name":"exec_module"},{"filename":"<frozen importlib._bootstrap>","lineno":488,"name":"_call_with_frames_removed"},{"filename":"/opt/airflow/dags/xcom_check.py","lineno":4,"name":"<module>"}],"is_group":false,"exceptions":[]}]}
{"timestamp":"2026-10-06T01:39:59.057016Z","level":"error","event":"Error loading DAG from xcom_check.py: 'DAG' object is not callable","logger":"airflow.dag_processing.dagbag.BundleDagBag","filename":"dagbag.py","lineno":319}
{"timestamp":"2026-10-06T01:40:00.176307Z","level":"info","event":"Filling up the DagBag from /opt/airflow/dags/xcom_check.py","logger":"airflow.dag_processing.dagbag.BundleDagBag","filename":"dagbag.py","lineno":460}
{"timestamp":"2026-10-06T01:40:00.254318Z","level":"error","event":"Failed to import: /opt/airflow/dags/xcom_check.py","logger":"airflow.dag_processing.importers.python_importer","filename":"python_importer.py","lineno":244,"error_detail":[{"exc_type":"TypeError","exc_value":"'DAG' object is not callable","exc_notes":[],"syntax_error":null,"is_cause":false,"frames":[{"filename":"/home/airflow/.local/lib/python3.13/site-packages/airflow/dag_processing/importers/python_importer.py","lineno":238,"name":"parse"},{"filename":"<frozen importlib._bootstrap_external>","lineno":1023,"name":"exec_module"},{"filename":"<frozen importlib._bootstrap>","lineno":488,"name":"_call_with_frames_removed"},{"filename":"/opt/airflow/dags/xcom_check.py","lineno":4,"name":"<module>"}],"is_group":false,"exceptions":[]}]}
{"timestamp":"2026-10-06T01:40:00.262765Z","level":"error","event":"Error loading DAG from xcom_check.py: 'DAG' object is not callable","logger":"airflow.dag_processing.dagbag.BundleDagBag","filename":"dagbag.py","lineno":319}
{"timestamp":"2026-10-06T01:40:02.372213Z","level":"info","event":"Filling up the DagBag from /opt/airflow/dags/xcom_check.py","logger":"airflow.dag_processing.dagbag.BundleDagBag","filename":"dagbag.py","lineno":460}
{"timestamp":"2026-10-06T01:40:02.448728Z","level":"error","event":"Failed to import: /opt/airflow/dags/xcom_check.py","logger":"airflow.dag_processing.importers.python_importer","filename":"python_importer.py","lineno":244,"error_detail":[{"exc_type":"TypeError","exc_value":"'DAG' object is not callable","exc_notes":[],"syntax_error":null,"is_cause":false,"frames":[{"filename":"/home/airflow/.local/lib/python3.13/site-packages/airflow/dag_processing/importers/python_importer.py","lineno":238,"name":"parse"},{"filename":"<frozen importlib._bootstrap_external>","lineno":1023,"name":"exec_module"},{"filename":"<frozen importlib._bootstrap>","lineno":488,"name":"_call_with_frames_removed"},{"filename":"/opt/airflow/dags/xcom_check.py","lineno":4,"name":"<module>"}],"is_group":false,"exceptions":[]}]}
{"timestamp":"2026-10-06T01:40:02.456556Z","level":"error","event":"Error loading DAG from xcom_check.py: 'DAG' object is not callable","logger":"airflow.dag_processing.dagbag.BundleDagBag","filename":"dagbag.py","lineno":319}
{"timestamp":"2026-10-06T01:40:05.682202Z","level":"info","event":"Filling up the DagBag from /opt/airflow/dags/xcom_check.py","logger":"airflow.dag_processing.dagbag.BundleDagBag","filename":"dagbag.py","lineno":460}
{"timestamp":"2026-10-06T01:40:05.781787Z","level":"error","event":"Failed to import: /opt/airflow/dags/xcom_check.py","logger":"airflow.dag_processing.importers.python_importer","filename":"python_importer.py","lineno":244,"error_detail":[{"exc_type":"TypeError","exc_value":"'DAG' object is not callable","exc_notes":[],"syntax_error":null,"is_cause":false,"frames":[{"filename":"/home/airflow/.local/lib/python3.13/site-packages/airflow/dag_processing/importers/python_importer.py","lineno":238,"name":"parse"},{"filename":"<frozen importlib._bootstrap_external>","lineno":1023,"name":"exec_module"},{"filename":"<frozen importlib._bootstrap>","lineno":488,"name":"_call_with_frames_removed"},{"filename":"/opt/airflow/dags/xcom_check.py","lineno":4,"name":"<module>"}],"is_group":false,"exceptions":[]}]}
{"timestamp":"2026-10-06T01:40:05.792462Z","level":"error","event":"Error loading DAG from xcom_check.py: 'DAG' object is not callable","logger":"airflow.dag_processing.dagbag.BundleDagBag","filename":"dagbag.py","lineno":319}
{"timestamp":"2026-10-06T01:40:08.971176Z","level":"info","event":"Filling up the DagBag from /opt/airflow/dags/xcom_check.py","logger":"airflow.dag_processing.dagbag.BundleDagBag","filename":"dagbag.py","lineno":460}
{"timestamp":"2026-10-06T01:40:09.079795Z","level":"error","event":"Failed to import: /opt/airflow/dags/xcom_check.py","logger":"airflow.dag_processing.importers.python_importer","filename":"python_importer.py","lineno":244,"error_detail":[{"exc_type":"TypeError","exc_value":"'DAG' object is not callable","exc_notes":[],"syntax_error":null,"is_cause":false,"frames":[{"filename":"/home/airflow/.local/lib/python3.13/site-packages/airflow/dag_processing/importers/python_importer.py","lineno":238,"name":"parse"},{"filename":"<frozen importlib._bootstrap_external>","lineno":1023,"name":"exec_module"},{"filename":"<frozen importlib._bootstrap>","lineno":488,"name":"_call_with_frames_removed"},{"filename":"/opt/airflow/dags/xcom_check.py","lineno":4,"name":"<module>"}],"is_group":false,"exceptions":[]}]}
{"timestamp":"2026-10-06T01:40:09.089755Z","level":"error","event":"Error loading DAG from xcom_check.py: 'DAG' object is not callable","logger":"airflow.dag_processing.dagbag.BundleDagBag","filename":"dagbag.py","lineno":319}
{"timestamp":"2026-10-06T01:40:13.256642Z","level":"info","event":"Filling up the DagBag from /opt/airflow/dags/xcom_check.py","logger":"airflow.dag_processing.dagbag.BundleDagBag","filename":"dagbag.py","lineno":460}
{"timestamp":"2026-10-06T01:40:13.306562Z","level":"error","event":"Failed to import: /opt/airflow/dags/xcom_check.py","logger":"airflow.dag_processing.importers.python_importer","filename":"python_importer.py","lineno":244,"error_detail":[{"exc_type":"IndentationError","exc_value":"unexpected unindent (xcom_check.py, line 16)","exc_notes":[],"syntax_error":{"offset":9,"filename":"/opt/airflow/dags/xcom_check.py","line":"    @tas","lineno":16,"msg":"unexpected unindent"},"is_cause":false,"frames":[{"filename":"/home/airflow/.local/lib/python3.13/site-packages/airflow/dag_processing/importers/python_importer.py","lineno":238,"name":"parse"},{"filename":"<frozen importlib._bootstrap_external>","lineno":1019,"name":"exec_module"},{"filename":"<frozen importlib._bootstrap_external>","lineno":1157,"name":"get_code"},{"filename":"<frozen importlib._bootstrap_external>","lineno":1087,"name":"source_to_code"},{"filename":"<frozen importlib._bootstrap>","lineno":488,"name":"_call_with_frames_removed"}],"is_group":false,"exceptions":[]}]}
{"timestamp":"2026-10-06T01:40:13.308276Z","level":"error","event":"Error loading DAG from xcom_check.py: unexpected unindent (xcom_check.py, line 16)","logger":"airflow.dag_processing.dagbag.BundleDagBag","filename":"dagbag.py","lineno":319}
{"timestamp":"2026-10-06T01:40:16.508533Z","level":"info","event":"Filling up the DagBag from /opt/airflow/dags/xcom_check.py","logger":"airflow.dag_processing.dagbag.BundleDagBag","filename":"dagbag.py","lineno":460}
{"timestamp":"2026-10-06T01:40:16.557375Z","level":"error","event":"Failed to import: /opt/airflow/dags/xcom_check.py","logger":"airflow.dag_processing.importers.python_importer","filename":"python_importer.py","lineno":244,"error_detail":[{"exc_type":"SyntaxError","exc_value":"invalid syntax (xcom_check.py, line 17)","exc_notes":[],"syntax_error":{"offset":9,"filename":"/opt/airflow/dags/xcom_check.py","line":"    def ","lineno":17,"msg":"invalid syntax"},"is_cause":false,"frames":[{"filename":"/home/airflow/.local/lib/python3.13/site-packages/airflow/dag_processing/importers/python_importer.py","lineno":238,"name":"parse"},{"filename":"<frozen importlib._bootstrap_external>","lineno":1019,"name":"exec_module"},{"filename":"<frozen importlib._bootstrap_external>","lineno":1157,"name":"get_code"},{"filename":"<frozen importlib._bootstrap_external>","lineno":1087,"name":"source_to_code"},{"filename":"<frozen importlib._bootstrap>","lineno":488,"name":"_call_with_frames_removed"}],"is_group":false,"exceptions":[]}]}
{"timestamp":"2026-10-06T01:40:16.558290Z","level":"error","event":"Error loading DAG from xcom_check.py: invalid syntax (xcom_check.py, line 17)","logger":"airflow.dag_processing.dagbag.BundleDagBag","filename":"dagbag.py","lineno":319}
{"timestamp":"2026-10-06T01:40:20.745749Z","level":"info","event":"Filling up the DagBag from /opt/airflow/dags/xcom_check.py","logger":"airflow.dag_processing.dagbag.BundleDagBag","filename":"dagbag.py","lineno":460}
{"timestamp":"2026-10-06T01:40:20.796296Z","level":"error","event":"Failed to import: /opt/airflow/dags/xcom_check.py","logger":"airflow.dag_processing.importers.python_importer","filename":"python_importer.py","lineno":244,"error_detail":[{"exc_type":"IndentationError","exc_value":"expected an indented block after function definition on line 17 (xcom_check.py, line 18)","exc_notes":[],"syntax_error":{"offset":9,"filename":"/opt/airflow/dags/xcom_check.py","line":"        ","lineno":18,"msg":"expected an indented block after function definition on line 17"},"is_cause":false,"frames":[{"filename":"/home/airflow/.local/lib/python3.13/site-packages/airflow/dag_processing/importers/python_importer.py","lineno":238,"name":"parse"},{"filename":"<frozen importlib._bootstrap_external>","lineno":1019,"name":"exec_module"},{"filename":"<frozen importlib._bootstrap_external>","lineno":1157,"name":"get_code"},{"filename":"<frozen importlib._bootstrap_external>","lineno":1087,"name":"source_to_code"},{"filename":"<frozen importlib._bootstrap>","lineno":488,"name":"_call_with_frames_removed"}],"is_group":false,"exceptions":[]}]}
{"timestamp":"2026-10-06T01:40:20.798014Z","level":"error","event":"Error loading DAG from xcom_check.py: expected an indented block after function definition on line 17 (xcom_check.py, line 18)","logger":"airflow.dag_processing.dagbag.BundleDagBag","filename":"dagbag.py","lineno":319}
{"timestamp":"2026-10-06T01:40:22.930793Z","level":"info","event":"Filling up the DagBag from /opt/airflow/dags/xcom_check.py","logger":"airflow.dag_processing.dagbag.BundleDagBag","filename":"dagbag.py","lineno":460}
{"timestamp":"2026-10-06T01:40:23.000054Z","level":"error","event":"Failed to import: /opt/airflow/dags/xcom_check.py","logger":"airflow.dag_processing.importers.python_importer","filename":"python_importer.py","lineno":244,"error_detail":[{"exc_type":"TypeError","exc_value":"'DAG' object is not callable","exc_notes":[],"syntax_error":null,"is_cause":false,"frames":[{"filename":"/home/airflow/.local/lib/python3.13/site-packages/airflow/dag_processing/importers/python_importer.py","lineno":238,"name":"parse"},{"filename":"<frozen importlib._bootstrap_external>","lineno":1023,"name":"exec_module"},{"filename":"<frozen importlib._bootstrap>","lineno":488,"name":"_call_with_frames_removed"},{"filename":"/opt/airflow/dags/xcom_check.py","lineno":4,"name":"<module>"}],"is_group":false,"exceptions":[]}]}
{"timestamp":"2026-10-06T01:40:23.008257Z","level":"error","event":"Error loading DAG from xcom_check.py: 'DAG' object is not callable","logger":"airflow.dag_processing.dagbag.BundleDagBag","filename":"dagbag.py","lineno":319}
{"timestamp":"2026-10-06T01:40:29.155338Z","level":"info","event":"Filling up the DagBag from /opt/airflow/dags/xcom_check.py","logger":"airflow.dag_processing.dagbag.BundleDagBag","filename":"dagbag.py","lineno":460}
{"timestamp":"2026-10-06T01:40:29.186927Z","level":"error","event":"Failed to import: /opt/airflow/dags/xcom_check.py","logger":"airflow.dag_processing.importers.python_importer","filename":"python_importer.py","lineno":244,"error_detail":[{"exc_type":"SyntaxError","exc_value":"invalid syntax (xcom_check.py, line 19)","exc_notes":[],"syntax_error":{"offset":28,"filename":"/opt/airflow/dags/xcom_check.py","line":"        transformed_data = \n","lineno":19,"msg":"invalid syntax"},"is_cause":false,"frames":[{"filename":"/home/airflow/.local/lib/python3.13/site-packages/airflow/dag_processing/importers/python_importer.py","lineno":238,"name":"parse"},{"filename":"<frozen importlib._bootstrap_external>","lineno":1019,"name":"exec_module"},{"filename":"<frozen importlib._bootstrap_external>","lineno":1157,"name":"get_code"},{"filename":"<frozen importlib._bootstrap_external>","lineno":1087,"name":"source_to_code"},{"filename":"<frozen importlib._bootstrap>","lineno":488,"name":"_call_with_frames_removed"}],"is_group":false,"exceptions":[]}]}
{"timestamp":"2026-10-06T01:40:29.187815Z","level":"error","event":"Error loading DAG from xcom_check.py: invalid syntax (xcom_check.py, line 19)","logger":"airflow.dag_processing.dagbag.BundleDagBag","filename":"dagbag.py","lineno":319}
{"timestamp":"2026-10-06T01:40:43.524242Z","level":"info","event":"Filling up the DagBag from /opt/airflow/dags/xcom_check.py","logger":"airflow.dag_processing.dagbag.BundleDagBag","filename":"dagbag.py","lineno":460}
{"timestamp":"2026-10-06T01:40:43.560264Z","level":"error","event":"Failed to import: /opt/airflow/dags/xcom_check.py","logger":"airflow.dag_processing.importers.python_importer","filename":"python_importer.py","lineno":244,"error_detail":[{"exc_type":"SyntaxError","exc_value":"invalid syntax (xcom_check.py, line 19)","exc_notes":[],"syntax_error":{"offset":28,"filename":"/opt/airflow/dags/xcom_check.py","line":"        transformed_data = \n","lineno":19,"msg":"invalid syntax"},"is_cause":false,"frames":[{"filename":"/home/airflow/.local/lib/python3.13/site-packages/airflow/dag_processing/importers/python_importer.py","lineno":238,"name":"parse"},{"filename":"<frozen importlib._bootstrap_external>","lineno":1019,"name":"exec_module"},{"filename":"<frozen importlib._bootstrap_external>","lineno":1157,"name":"get_code"},{"filename":"<frozen importlib._bootstrap_external>","lineno":1087,"name":"source_to_code"},{"filename":"<frozen importlib._bootstrap>","lineno":488,"name":"_call_with_frames_removed"}],"is_group":false,"exceptions":[]}]}
{"timestamp":"2026-10-06T01:40:43.562791Z","level":"error","event":"Error loading DAG from xcom_check.py: invalid syntax (xcom_check.py, line 19)","logger":"airflow.dag_processing.dagbag.BundleDagBag","filename":"dagbag.py","lineno":319}
{"timestamp":"2026-10-06T01:40:45.668579Z","level":"info","event":"Filling up the DagBag from /opt/airflow/dags/xcom_check.py","logger":"airflow.dag_processing.dagbag.BundleDagBag","filename":"dagbag.py","lineno":460}
{"timestamp":"2026-10-06T01:40:45.703019Z","level":"error","event":"Failed to import: /opt/airflow/dags/xcom_check.py","logger":"airflow.dag_processing.importers.python_importer","filename":"python_importer.py","lineno":244,"error_detail":[{"exc_type":"SyntaxError","exc_value":"invalid syntax (xcom_check.py, line 19)","exc_notes":[],"syntax_error":{"offset":28,"filename":"/opt/airflow/dags/xcom_check.py","line":"        transformed_data = \n","lineno":19,"msg":"invalid syntax"},"is_cause":false,"frames":[{"filename":"/home/airflow/.local/lib/python3.13/site-packages/airflow/dag_processing/importers/python_importer.py","lineno":238,"name":"parse"},{"filename":"<frozen importlib._bootstrap_external>","lineno":1019,"name":"exec_module"},{"filename":"<frozen importlib._bootstrap_external>","lineno":1157,"name":"get_code"},{"filename":"<frozen importlib._bootstrap_external>","lineno":1087,"name":"source_to_code"},{"filename":"<frozen importlib._bootstrap>","lineno":488,"name":"_call_with_frames_removed"}],"is_group":false,"exceptions":[]}]}
{"timestamp":"2026-10-06T01:40:45.704030Z","level":"error","event":"Error loading DAG from xcom_check.py: invalid syntax (xcom_check.py, line 19)","logger":"airflow.dag_processing.dagbag.BundleDagBag","filename":"dagbag.py","lineno":319}
{"timestamp":"2026-10-06T01:40:54.901402Z","level":"info","event":"Filling up the DagBag from /opt/airflow/dags/xcom_check.py","logger":"airflow.dag_processing.dagbag.BundleDagBag","filename":"dagbag.py","lineno":460}
{"timestamp":"2026-10-06T01:40:54.970224Z","level":"error","event":"Failed to import: /opt/airflow/dags/xcom_check.py","logger":"airflow.dag_processing.importers.python_importer","filename":"python_importer.py","lineno":244,"error_detail":[{"exc_type":"TypeError","exc_value":"'DAG' object is not callable","exc_notes":[],"syntax_error":null,"is_cause":false,"frames":[{"filename":"/home/airflow/.local/lib/python3.13/site-packages/airflow/dag_processing/importers/python_importer.py","lineno":238,"name":"parse"},{"filename":"<frozen importlib._bootstrap_external>","lineno":1023,"name":"exec_module"},{"filename":"<frozen importlib._bootstrap>","lineno":488,"name":"_call_with_frames_removed"},{"filename":"/opt/airflow/dags/xcom_check.py","lineno":4,"name":"<module>"}],"is_group":false,"exceptions":[]}]}
{"timestamp":"2026-10-06T01:40:54.978080Z","level":"error","event":"Error loading DAG from xcom_check.py: 'DAG' object is not callable","logger":"airflow.dag_processing.dagbag.BundleDagBag","filename":"dagbag.py","lineno":319}
{"timestamp":"2026-10-06T01:40:57.089775Z","level":"info","event":"Filling up the DagBag from /opt/airflow/dags/xcom_check.py","logger":"airflow.dag_processing.dagbag.BundleDagBag","filename":"dagbag.py","lineno":460}
{"timestamp":"2026-10-06T01:40:57.154627Z","level":"error","event":"Failed to import: /opt/airflow/dags/xcom_check.py","logger":"airflow.dag_processing.importers.python_importer","filename":"python_importer.py","lineno":244,"error_detail":[{"exc_type":"TypeError","exc_value":"'DAG' object is not callable","exc_notes":[],"syntax_error":null,"is_cause":false,"frames":[{"filename":"/home/airflow/.local/lib/python3.13/site-packages/airflow/dag_processing/importers/python_importer.py","lineno":238,"name":"parse"},{"filename":"<frozen importlib._bootstrap_external>","lineno":1023,"name":"exec_module"},{"filename":"<frozen importlib._bootstrap>","lineno":488,"name":"_call_with_frames_removed"},{"filename":"/opt/airflow/dags/xcom_check.py","lineno":4,"name":"<module>"}],"is_group":false,"exceptions":[]}]}
{"timestamp":"2026-10-06T01:40:57.162448Z","level":"error","event":"Error loading DAG from xcom_check.py: 'DAG' object is not callable","logger":"airflow.dag_processing.dagbag.BundleDagBag","filename":"dagbag.py","lineno":319}
{"timestamp":"2026-10-06T01:41:00.306124Z","level":"info","event":"Filling up the DagBag from /opt/airflow/dags/xcom_check.py","logger":"airflow.dag_processing.dagbag.BundleDagBag","filename":"dagbag.py","lineno":460}
{"timestamp":"2026-10-06T01:41:00.378550Z","level":"error","event":"Failed to import: /opt/airflow/dags/xcom_check.py","logger":"airflow.dag_processing.importers.python_importer","filename":"python_importer.py","lineno":244,"error_detail":[{"exc_type":"TypeError","exc_value":"'DAG' object is not callable","exc_notes":[],"syntax_error":null,"is_cause":false,"frames":[{"filename":"/home/airflow/.local/lib/python3.13/site-packages/airflow/dag_processing/importers/python_importer.py","lineno":238,"name":"parse"},{"filename":"<frozen importlib._bootstrap_external>","lineno":1023,"name":"exec_module"},{"filename":"<frozen importlib._bootstrap>","lineno":488,"name":"_call_with_frames_removed"},{"filename":"/opt/airflow/dags/xcom_check.py","lineno":4,"name":"<module>"}],"is_group":false,"exceptions":[]}]}
{"timestamp":"2026-10-06T01:41:00.385395Z","level":"error","event":"Error loading DAG from xcom_check.py: 'DAG' object is not callable","logger":"airflow.dag_processing.dagbag.BundleDagBag","filename":"dagbag.py","lineno":319}
{"timestamp":"2026-10-06T01:41:01.470749Z","level":"info","event":"Filling up the DagBag from /opt/airflow/dags/xcom_check.py","logger":"airflow.dag_processing.dagbag.BundleDagBag","filename":"dagbag.py","lineno":460}
{"timestamp":"2026-10-06T01:41:01.535198Z","level":"error","event":"Failed to import: /opt/airflow/dags/xcom_check.py","logger":"airflow.dag_processing.importers.python_importer","filename":"python_importer.py","lineno":244,"error_detail":[{"exc_type":"TypeError","exc_value":"'DAG' object is not callable","exc_notes":[],"syntax_error":null,"is_cause":false,"frames":[{"filename":"/home/airflow/.local/lib/python3.13/site-packages/airflow/dag_processing/importers/python_importer.py","lineno":238,"name":"parse"},{"filename":"<frozen importlib._bootstrap_external>","lineno":1023,"name":"exec_module"},{"filename":"<frozen importlib._bootstrap>","lineno":488,"name":"_call_with_frames_removed"},{"filename":"/opt/airflow/dags/xcom_check.py","lineno":4,"name":"<module>"}],"is_group":false,"exceptions":[]}]}
{"timestamp":"2026-10-06T01:41:01.543986Z","level":"error","event":"Error loading DAG from xcom_check.py: 'DAG' object is not callable","logger":"airflow.dag_processing.dagbag.BundleDagBag","filename":"dagbag.py","lineno":319}
{"timestamp":"2026-10-06T01:41:05.786876Z","level":"info","event":"Filling up the DagBag from /opt/airflow/dags/xcom_check.py","logger":"airflow.dag_processing.dagbag.BundleDagBag","filename":"dagbag.py","lineno":460}
{"timestamp":"2026-10-06T01:41:05.857226Z","level":"error","event":"Failed to import: /opt/airflow/dags/xcom_check.py","logger":"airflow.dag_processing.importers.python_importer","filename":"python_importer.py","lineno":244,"error_detail":[{"exc_type":"TypeError","exc_value":"'DAG' object is not callable","exc_notes":[],"syntax_error":null,"is_cause":false,"frames":[{"filename":"/home/airflow/.local/lib/python3.13/site-packages/airflow/dag_processing/importers/python_importer.py","lineno":238,"name":"parse"},{"filename":"<frozen importlib._bootstrap_external>","lineno":1023,"name":"exec_module"},{"filename":"<frozen importlib._bootstrap>","lineno":488,"name":"_call_with_frames_removed"},{"filename":"/opt/airflow/dags/xcom_check.py","lineno":4,"name":"<module>"}],"is_group":false,"exceptions":[]}]}
{"timestamp":"2026-10-06T01:41:05.864513Z","level":"error","event":"Error loading DAG from xcom_check.py: 'DAG' object is not callable","logger":"airflow.dag_processing.dagbag.BundleDagBag","filename":"dagbag.py","lineno":319}
{"timestamp":"2026-10-06T01:41:11.030387Z","level":"info","event":"Filling up the DagBag from /opt/airflow/dags/xcom_check.py","logger":"airflow.dag_processing.dagbag.BundleDagBag","filename":"dagbag.py","lineno":460}
{"timestamp":"2026-10-06T01:41:11.060465Z","level":"error","event":"Failed to import: /opt/airflow/dags/xcom_check.py","logger":"airflow.dag_processing.importers.python_importer","filename":"python_importer.py","lineno":244,"error_detail":[{"exc_type":"SyntaxError","exc_value":"unmatched ']' (xcom_check.py, line 20)","exc_notes":[],"syntax_error":{"offset":44,"filename":"/opt/airflow/dags/xcom_check.py","line":"        transformed_data = transformed_data]","lineno":20,"msg":"unmatched ']'"},"is_cause":false,"frames":[{"filename":"/home/airflow/.local/lib/python3.13/site-packages/airflow/dag_processing/importers/python_importer.py","lineno":238,"name":"parse"},{"filename":"<frozen importlib._bootstrap_external>","lineno":1019,"name":"exec_module"},{"filename":"<frozen importlib._bootstrap_external>","lineno":1157,"name":"get_code"},{"filename":"<frozen importlib._bootstrap_external>","lineno":1087,"name":"source_to_code"},{"filename":"<frozen importlib._bootstrap>","lineno":488,"name":"_call_with_frames_removed"}],"is_group":false,"exceptions":[]}]}
{"timestamp":"2026-10-06T01:41:11.061630Z","level":"error","event":"Error loading DAG from xcom_check.py: unmatched ']' (xcom_check.py, line 20)","logger":"airflow.dag_processing.dagbag.BundleDagBag","filename":"dagbag.py","lineno":319}
{"timestamp":"2026-10-06T01:41:13.163855Z","level":"info","event":"Filling up the DagBag from /opt/airflow/dags/xcom_check.py","logger":"airflow.dag_processing.dagbag.BundleDagBag","filename":"dagbag.py","lineno":460}
{"timestamp":"2026-10-06T01:41:13.223373Z","level":"error","event":"Failed to import: /opt/airflow/dags/xcom_check.py","logger":"airflow.dag_processing.importers.python_importer","filename":"python_importer.py","lineno":244,"error_detail":[{"exc_type":"SyntaxError","exc_value":"invalid syntax (xcom_check.py, line 20)","exc_notes":[],"syntax_error":{"offset":28,"filename":"/opt/airflow/dags/xcom_check.py","line":"        transformed_data = \n","lineno":20,"msg":"invalid syntax"},"is_cause":false,"frames":[{"filename":"/home/airflow/.local/lib/python3.13/site-packages/airflow/dag_processing/importers/python_importer.py","lineno":238,"name":"parse"},{"filename":"<frozen importlib._bootstrap_external>","lineno":1019,"name":"exec_module"},{"filename":"<frozen importlib._bootstrap_external>","lineno":1157,"name":"get_code"},{"filename":"<frozen importlib._bootstrap_external>","lineno":1087,"name":"source_to_code"},{"filename":"<frozen importlib._bootstrap>","lineno":488,"name":"_call_with_frames_removed"}],"is_group":false,"exceptions":[]}]}
{"timestamp":"2026-10-06T01:41:13.224766Z","level":"error","event":"Error loading DAG from xcom_check.py: invalid syntax (xcom_check.py, line 20)","logger":"airflow.dag_processing.dagbag.BundleDagBag","filename":"dagbag.py","lineno":319}
{"timestamp":"2026-10-06T01:41:17.355362Z","level":"info","event":"Filling up the DagBag from /opt/airflow/dags/xcom_check.py","logger":"airflow.dag_processing.dagbag.BundleDagBag","filename":"dagbag.py","lineno":460}
{"timestamp":"2026-10-06T01:41:17.417933Z","level":"error","event":"Failed to import: /opt/airflow/dags/xcom_check.py","logger":"airflow.dag_processing.importers.python_importer","filename":"python_importer.py","lineno":244,"error_detail":[{"exc_type":"TypeError","exc_value":"'DAG' object is not callable","exc_notes":[],"syntax_error":null,"is_cause":false,"frames":[{"filename":"/home/airflow/.local/lib/python3.13/site-packages/airflow/dag_processing/importers/python_importer.py","lineno":238,"name":"parse"},{"filename":"<frozen importlib._bootstrap_external>","lineno":1023,"name":"exec_module"},{"filename":"<frozen importlib._bootstrap>","lineno":488,"name":"_call_with_frames_removed"},{"filename":"/opt/airflow/dags/xcom_check.py","lineno":4,"name":"<module>"}],"is_group":false,"exceptions":[]}]}
{"timestamp":"2026-10-06T01:41:17.425183Z","level":"error","event":"Error loading DAG from xcom_check.py: 'DAG' object is not callable","logger":"airflow.dag_processing.dagbag.BundleDagBag","filename":"dagbag.py","lineno":319}
{"timestamp":"2026-10-06T01:41:27.626730Z","level":"info","event":"Filling up the DagBag from /opt/airflow/dags/xcom_check.py","logger":"airflow.dag_processing.dagbag.BundleDagBag","filename":"dagbag.py","lineno":460}
{"timestamp":"2026-10-06T01:41:27.689227Z","level":"error","event":"Failed to import: /opt/airflow/dags/xcom_check.py","logger":"airflow.dag_processing.importers.python_importer","filename":"python_importer.py","lineno":244,"error_detail":[{"exc_type":"TypeError","exc_value":"'DAG' object is not callable","exc_notes":[],"syntax_error":null,"is_cause":false,"frames":[{"filename":"/home/airflow/.local/lib/python3.13/site-packages/airflow/dag_processing/importers/python_importer.py","lineno":238,"name":"parse"},{"filename":"<frozen importlib._bootstrap_external>","lineno":1023,"name":"exec_module"},{"filename":"<frozen importlib._bootstrap>","lineno":488,"name":"_call_with_frames_removed"},{"filename":"/opt/airflow/dags/xcom_check.py","lineno":4,"name":"<module>"}],"is_group":false,"exceptions":[]}]}
{"timestamp":"2026-10-06T01:41:27.697011Z","level":"error","event":"Error loading DAG from xcom_check.py: 'DAG' object is not callable","logger":"airflow.dag_processing.dagbag.BundleDagBag","filename":"dagbag.py","lineno":319}
{"timestamp":"2026-10-06T01:41:58.273465Z","level":"info","event":"Filling up the DagBag from /opt/airflow/dags/xcom_check.py","logger":"airflow.dag_processing.dagbag.BundleDagBag","filename":"dagbag.py","lineno":460}
{"timestamp":"2026-10-06T01:41:58.317105Z","level":"error","event":"Failed to import: /opt/airflow/dags/xcom_check.py","logger":"airflow.dag_processing.importers.python_importer","filename":"python_importer.py","lineno":244,"error_detail":[{"exc_type":"TypeError","exc_value":"'DAG' object is not callable","exc_notes":[],"syntax_error":null,"is_cause":false,"frames":[{"filename":"/home/airflow/.local/lib/python3.13/site-packages/airflow/dag_processing/importers/python_importer.py","lineno":238,"name":"parse"},{"filename":"<frozen importlib._bootstrap_external>","lineno":1023,"name":"exec_module"},{"filename":"<frozen importlib._bootstrap>","lineno":488,"name":"_call_with_frames_removed"},{"filename":"/opt/airflow/dags/xcom_check.py","lineno":4,"name":"<module>"}],"is_group":false,"exceptions":[]}]}
{"timestamp":"2026-10-06T01:41:58.323912Z","level":"error","event":"Error loading DAG from xcom_check.py: 'DAG' object is not callable","logger":"airflow.dag_processing.dagbag.BundleDagBag","filename":"dagbag.py","lineno":319}
{"timestamp":"2026-10-06T01:42:07.589218Z","level":"info","event":"Filling up the DagBag from /opt/airflow/dags/xcom_check.py","logger":"airflow.dag_processing.dagbag.BundleDagBag","filename":"dagbag.py","lineno":460}
{"timestamp":"2026-10-06T01:42:07.659972Z","level":"error","event":"Failed to import: /opt/airflow/dags/xcom_check.py","logger":"airflow.dag_processing.importers.python_importer","filename":"python_importer.py","lineno":244,"error_detail":[{"exc_type":"TypeError","exc_value":"'DAG' object is not callable","exc_notes":[],"syntax_error":null,"is_cause":false,"frames":[{"filename":"/home/airflow/.local/lib/python3.13/site-packages/airflow/dag_processing/importers/python_importer.py","lineno":238,"name":"parse"},{"filename":"<frozen importlib._bootstrap_external>","lineno":1023,"name":"exec_module"},{"filename":"<frozen importlib._bootstrap>","lineno":488,"name":"_call_with_frames_removed"},{"filename":"/opt/airflow/dags/xcom_check.py","lineno":4,"name":"<module>"}],"is_group":false,"exceptions":[]}]}
{"timestamp":"2026-10-06T01:42:07.667343Z","level":"error","event":"Error loading DAG from xcom_check.py: 'DAG' object is not callable","logger":"airflow.dag_processing.dagbag.BundleDagBag","filename":"dagbag.py","lineno":319}
{"timestamp":"2026-10-06T01:42:10.786330Z","level":"info","event":"Filling up the DagBag from /opt/airflow/dags/xcom_check.py","logger":"airflow.dag_processing.dagbag.BundleDagBag","filename":"dagbag.py","lineno":460}
{"timestamp":"2026-10-06T01:42:10.824902Z","level":"error","event":"Failed to import: /opt/airflow/dags/xcom_check.py","logger":"airflow.dag_processing.importers.python_importer","filename":"python_importer.py","lineno":244,"error_detail":[{"exc_type":"SyntaxError","exc_value":"invalid syntax (xcom_check.py, line 19)","exc_notes":[],"syntax_error":{"offset":28,"filename":"/opt/airflow/dags/xcom_check.py","line":"        transformed_data = \n","lineno":19,"msg":"invalid syntax"},"is_cause":false,"frames":[{"filename":"/home/airflow/.local/lib/python3.13/site-packages/airflow/dag_processing/importers/python_importer.py","lineno":238,"name":"parse"},{"filename":"<frozen importlib._bootstrap_external>","lineno":1019,"name":"exec_module"},{"filename":"<frozen importlib._bootstrap_external>","lineno":1157,"name":"get_code"},{"filename":"<frozen importlib._bootstrap_external>","lineno":1087,"name":"source_to_code"},{"filename":"<frozen importlib._bootstrap>","lineno":488,"name":"_call_with_frames_removed"}],"is_group":false,"exceptions":[]}]}
{"timestamp":"2026-10-06T01:42:10.826116Z","level":"error","event":"Error loading DAG from xcom_check.py: invalid syntax (xcom_check.py, line 19)","logger":"airflow.dag_processing.dagbag.BundleDagBag","filename":"dagbag.py","lineno":319}
{"timestamp":"2026-10-06T01:42:12.946521Z","level":"info","event":"Filling up the DagBag from /opt/airflow/dags/xcom_check.py","logger":"airflow.dag_processing.dagbag.BundleDagBag","filename":"dagbag.py","lineno":460}
{"timestamp":"2026-10-06T01:42:13.045311Z","level":"error","event":"Failed to import: /opt/airflow/dags/xcom_check.py","logger":"airflow.dag_processing.importers.python_importer","filename":"python_importer.py","lineno":244,"error_detail":[{"exc_type":"TypeError","exc_value":"'DAG' object is not callable","exc_notes":[],"syntax_error":null,"is_cause":false,"frames":[{"filename":"/home/airflow/.local/lib/python3.13/site-packages/airflow/dag_processing/importers/python_importer.py","lineno":238,"name":"parse"},{"filename":"<frozen importlib._bootstrap_external>","lineno":1023,"name":"exec_module"},{"filename":"<frozen importlib._bootstrap>","lineno":488,"name":"_call_with_frames_removed"},{"filename":"/opt/airflow/dags/xcom_check.py","lineno":4,"name":"<module>"}],"is_group":false,"exceptions":[]}]}
{"timestamp":"2026-10-06T01:42:13.051790Z","level":"error","event":"Error loading DAG from xcom_check.py: 'DAG' object is not callable","logger":"airflow.dag_processing.dagbag.BundleDagBag","filename":"dagbag.py","lineno":319}
{"timestamp":"2026-10-06T01:42:15.159428Z","level":"info","event":"Filling up the DagBag from /opt/airflow/dags/xcom_check.py","logger":"airflow.dag_processing.dagbag.BundleDagBag","filename":"dagbag.py","lineno":460}
{"timestamp":"2026-10-06T01:42:15.195826Z","level":"error","event":"Failed to import: /opt/airflow/dags/xcom_check.py","logger":"airflow.dag_processing.importers.python_importer","filename":"python_importer.py","lineno":244,"error_detail":[{"exc_type":"SyntaxError","exc_value":"invalid syntax (xcom_check.py, line 19)","exc_notes":[],"syntax_error":{"offset":28,"filename":"/opt/airflow/dags/xcom_check.py","line":"        transformed_data = \n","lineno":19,"msg":"invalid syntax"},"is_cause":false,"frames":[{"filename":"/home/airflow/.local/lib/python3.13/site-packages/airflow/dag_processing/importers/python_importer.py","lineno":238,"name":"parse"},{"filename":"<frozen importlib._bootstrap_external>","lineno":1019,"name":"exec_module"},{"filename":"<frozen importlib._bootstrap_external>","lineno":1157,"name":"get_code"},{"filename":"<frozen importlib._bootstrap_external>","lineno":1087,"name":"source_to_code"},{"filename":"<frozen importlib._bootstrap>","lineno":488,"name":"_call_with_frames_removed"}],"is_group":false,"exceptions":[]}]}
{"timestamp":"2026-10-06T01:42:15.197658Z","level":"error","event":"Error loading DAG from xcom_check.py: invalid syntax (xcom_check.py, line 19)","logger":"airflow.dag_processing.dagbag.BundleDagBag","filename":"dagbag.py","lineno":319}
{"timestamp":"2026-10-06T01:42:27.420494Z","level":"info","event":"Filling up the DagBag from /opt/airflow/dags/xcom_check.py","logger":"airflow.dag_processing.dagbag.BundleDagBag","filename":"dagbag.py","lineno":460}
{"timestamp":"2026-10-06T01:42:27.484413Z","level":"error","event":"Failed to import: /opt/airflow/dags/xcom_check.py","logger":"airflow.dag_processing.importers.python_importer","filename":"python_importer.py","lineno":244,"error_detail":[{"exc_type":"TypeError","exc_value":"'DAG' object is not callable","exc_notes":[],"syntax_error":null,"is_cause":false,"frames":[{"filename":"/home/airflow/.local/lib/python3.13/site-packages/airflow/dag_processing/importers/python_importer.py","lineno":238,"name":"parse"},{"filename":"<frozen importlib._bootstrap_external>","lineno":1023,"name":"exec_module"},{"filename":"<frozen importlib._bootstrap>","lineno":488,"name":"_call_with_frames_removed"},{"filename":"/opt/airflow/dags/xcom_check.py","lineno":4,"name":"<module>"}],"is_group":false,"exceptions":[]}]}
{"timestamp":"2026-10-06T01:42:27.492140Z","level":"error","event":"Error loading DAG from xcom_check.py: 'DAG' object is not callable","logger":"airflow.dag_processing.dagbag.BundleDagBag","filename":"dagbag.py","lineno":319}
{"timestamp":"2026-10-06T01:42:33.653837Z","level":"info","event":"Filling up the DagBag from /opt/airflow/dags/xcom_check.py","logger":"airflow.dag_processing.dagbag.BundleDagBag","filename":"dagbag.py","lineno":460}
{"timestamp":"2026-10-06T01:42:33.727147Z","level":"error","event":"Failed to import: /opt/airflow/dags/xcom_check.py","logger":"airflow.dag_processing.importers.python_importer","filename":"python_importer.py","lineno":244,"error_detail":[{"exc_type":"TypeError","exc_value":"'DAG' object is not callable","exc_notes":[],"syntax_error":null,"is_cause":false,"frames":[{"filename":"/home/airflow/.local/lib/python3.13/site-packages/airflow/dag_processing/importers/python_importer.py","lineno":238,"name":"parse"},{"filename":"<frozen importlib._bootstrap_external>","lineno":1023,"name":"exec_module"},{"filename":"<frozen importlib._bootstrap>","lineno":488,"name":"_call_with_frames_removed"},{"filename":"/opt/airflow/dags/xcom_check.py","lineno":4,"name":"<module>"}],"is_group":false,"exceptions":[]}]}
{"timestamp":"2026-10-06T01:42:33.745159Z","level":"error","event":"Error loading DAG from xcom_check.py: 'DAG' object is not callable","logger":"airflow.dag_processing.dagbag.BundleDagBag","filename":"dagbag.py","lineno":319}
{"timestamp":"2026-10-06T01:42:39.006177Z","level":"info","event":"Filling up the DagBag from /opt/airflow/dags/xcom_check.py","logger":"airflow.dag_processing.dagbag.BundleDagBag","filename":"dagbag.py","lineno":460}
{"timestamp":"2026-10-06T01:42:39.080630Z","level":"error","event":"Failed to import: /opt/airflow/dags/xcom_check.py","logger":"airflow.dag_processing.importers.python_importer","filename":"python_importer.py","lineno":244,"error_detail":[{"exc_type":"TypeError","exc_value":"'DAG' object is not callable","exc_notes":[],"syntax_error":null,"is_cause":false,"frames":[{"filename":"/home/airflow/.local/lib/python3.13/site-packages/airflow/dag_processing/importers/python_importer.py","lineno":238,"name":"parse"},{"filename":"<frozen importlib._bootstrap_external>","lineno":1023,"name":"exec_module"},{"filename":"<frozen importlib._bootstrap>","lineno":488,"name":"_call_with_frames_removed"},{"filename":"/opt/airflow/dags/xcom_check.py","lineno":4,"name":"<module>"}],"is_group":false,"exceptions":[]}]}
{"timestamp":"2026-10-06T01:42:39.087786Z","level":"error","event":"Error loading DAG from xcom_check.py: 'DAG' object is not callable","logger":"airflow.dag_processing.dagbag.BundleDagBag","filename":"dagbag.py","lineno":319}
{"timestamp":"2026-10-06T01:42:41.187381Z","level":"info","event":"Filling up the DagBag from /opt/airflow/dags/xcom_check.py","logger":"airflow.dag_processing.dagbag.BundleDagBag","filename":"dagbag.py","lineno":460}
{"timestamp":"2026-10-06T01:42:41.279384Z","level":"error","event":"Failed to import: /opt/airflow/dags/xcom_check.py","logger":"airflow.dag_processing.importers.python_importer","filename":"python_importer.py","lineno":244,"error_detail":[{"exc_type":"TypeError","exc_value":"'DAG' object is not callable","exc_notes":[],"syntax_error":null,"is_cause":false,"frames":[{"filename":"/home/airflow/.local/lib/python3.13/site-packages/airflow/dag_processing/importers/python_importer.py","lineno":238,"name":"parse"},{"filename":"<frozen importlib._bootstrap_external>","lineno":1023,"name":"exec_module"},{"filename":"<frozen importlib._bootstrap>","lineno":488,"name":"_call_with_frames_removed"},{"filename":"/opt/airflow/dags/xcom_check.py","lineno":4,"name":"<module>"}],"is_group":false,"exceptions":[]}]}
{"timestamp":"2026-10-06T01:42:41.286670Z","level":"error","event":"Error loading DAG from xcom_check.py: 'DAG' object is not callable","logger":"airflow.dag_processing.dagbag.BundleDagBag","filename":"dagbag.py","lineno":319}
{"timestamp":"2026-10-06T01:42:43.434251Z","level":"info","event":"Filling up the DagBag from /opt/airflow/dags/xcom_check.py","logger":"airflow.dag_processing.dagbag.BundleDagBag","filename":"dagbag.py","lineno":460}
{"timestamp":"2026-10-06T01:42:43.515574Z","level":"error","event":"Failed to import: /opt/airflow/dags/xcom_check.py","logger":"airflow.dag_processing.importers.python_importer","filename":"python_importer.py","lineno":244,"error_detail":[{"exc_type":"TypeError","exc_value":"'DAG' object is not callable","exc_notes":[],"syntax_error":null,"is_cause":false,"frames":[{"filename":"/home/airflow/.local/lib/python3.13/site-packages/airflow/dag_processing/importers/python_importer.py","lineno":238,"name":"parse"},{"filename":"<frozen importlib._bootstrap_external>","lineno":1023,"name":"exec_module"},{"filename":"<frozen importlib._bootstrap>","lineno":488,"name":"_call_with_frames_removed"},{"filename":"/opt/airflow/dags/xcom_check.py","lineno":4,"name":"<module>"}],"is_group":false,"exceptions":[]}]}
{"timestamp":"2026-10-06T01:42:43.523093Z","level":"error","event":"Error loading DAG from xcom_check.py: 'DAG' object is not callable","logger":"airflow.dag_processing.dagbag.BundleDagBag","filename":"dagbag.py","lineno":319}
{"timestamp":"2026-10-06T01:42:56.755717Z","level":"info","event":"Filling up the DagBag from /opt/airflow/dags/xcom_check.py","logger":"airflow.dag_processing.dagbag.BundleDagBag","filename":"dagbag.py","lineno":460}
{"timestamp":"2026-10-06T01:42:56.821752Z","level":"error","event":"Failed to import: /opt/airflow/dags/xcom_check.py","logger":"airflow.dag_processing.importers.python_importer","filename":"python_importer.py","lineno":244,"error_detail":[{"exc_type":"TypeError","exc_value":"'DAG' object is not callable","exc_notes":[],"syntax_error":null,"is_cause":false,"frames":[{"filename":"/home/airflow/.local/lib/python3.13/site-packages/airflow/dag_processing/importers/python_importer.py","lineno":238,"name":"parse"},{"filename":"<frozen importlib._bootstrap_external>","lineno":1023,"name":"exec_module"},{"filename":"<frozen importlib._bootstrap>","lineno":488,"name":"_call_with_frames_removed"},{"filename":"/opt/airflow/dags/xcom_check.py","lineno":4,"name":"<module>"}],"is_group":false,"exceptions":[]}]}
{"timestamp":"2026-10-06T01:42:56.829023Z","level":"error","event":"Error loading DAG from xcom_check.py: 'DAG' object is not callable","logger":"airflow.dag_processing.dagbag.BundleDagBag","filename":"dagbag.py","lineno":319}
{"timestamp":"2026-10-06T01:43:11.137334Z","level":"info","event":"Filling up the DagBag from /opt/airflow/dags/xcom_check.py","logger":"airflow.dag_processing.dagbag.BundleDagBag","filename":"dagbag.py","lineno":460}
{"timestamp":"2026-10-06T01:43:11.213982Z","level":"error","event":"Failed to import: /opt/airflow/dags/xcom_check.py","logger":"airflow.dag_processing.importers.python_importer","filename":"python_importer.py","lineno":244,"error_detail":[{"exc_type":"TypeError","exc_value":"'DAG' object is not callable","exc_notes":[],"syntax_error":null,"is_cause":false,"frames":[{"filename":"/home/airflow/.local/lib/python3.13/site-packages/airflow/dag_processing/importers/python_importer.py","lineno":238,"name":"parse"},{"filename":"<frozen importlib._bootstrap_external>","lineno":1023,"name":"exec_module"},{"filename":"<frozen importlib._bootstrap>","lineno":488,"name":"_call_with_frames_removed"},{"filename":"/opt/airflow/dags/xcom_check.py","lineno":4,"name":"<module>"}],"is_group":false,"exceptions":[]}]}
{"timestamp":"2026-10-06T01:43:11.221442Z","level":"error","event":"Error loading DAG from xcom_check.py: 'DAG' object is not callable","logger":"airflow.dag_processing.dagbag.BundleDagBag","filename":"dagbag.py","lineno":319}
{"timestamp":"2026-10-06T01:43:14.363124Z","level":"info","event":"Filling up the DagBag from /opt/airflow/dags/xcom_check.py","logger":"airflow.dag_processing.dagbag.BundleDagBag","filename":"dagbag.py","lineno":460}
{"timestamp":"2026-10-06T01:43:14.444612Z","level":"error","event":"Failed to import: /opt/airflow/dags/xcom_check.py","logger":"airflow.dag_processing.importers.python_importer","filename":"python_importer.py","lineno":244,"error_detail":[{"exc_type":"TypeError","exc_value":"'DAG' object is not callable","exc_notes":[],"syntax_error":null,"is_cause":false,"frames":[{"filename":"/home/airflow/.local/lib/python3.13/site-packages/airflow/dag_processing/importers/python_importer.py","lineno":238,"name":"parse"},{"filename":"<frozen importlib._bootstrap_external>","lineno":1023,"name":"exec_module"},{"filename":"<frozen importlib._bootstrap>","lineno":488,"name":"_call_with_frames_removed"},{"filename":"/opt/airflow/dags/xcom_check.py","lineno":4,"name":"<module>"}],"is_group":false,"exceptions":[]}]}
{"timestamp":"2026-10-06T01:43:14.453481Z","level":"error","event":"Error loading DAG from xcom_check.py: 'DAG' object is not callable","logger":"airflow.dag_processing.dagbag.BundleDagBag","filename":"dagbag.py","lineno":319}
{"timestamp":"2026-10-06T01:43:20.621673Z","level":"info","event":"Filling up the DagBag from /opt/airflow/dags/xcom_check.py","logger":"airflow.dag_processing.dagbag.BundleDagBag","filename":"dagbag.py","lineno":460}
{"timestamp":"2026-10-06T01:43:20.698780Z","level":"error","event":"Failed to import: /opt/airflow/dags/xcom_check.py","logger":"airflow.dag_processing.importers.python_importer","filename":"python_importer.py","lineno":244,"error_detail":[{"exc_type":"TypeError","exc_value":"'DAG' object is not callable","exc_notes":[],"syntax_error":null,"is_cause":false,"frames":[{"filename":"/home/airflow/.local/lib/python3.13/site-packages/airflow/dag_processing/importers/python_importer.py","lineno":238,"name":"parse"},{"filename":"<frozen importlib._bootstrap_external>","lineno":1023,"name":"exec_module"},{"filename":"<frozen importlib._bootstrap>","lineno":488,"name":"_call_with_frames_removed"},{"filename":"/opt/airflow/dags/xcom_check.py","lineno":4,"name":"<module>"}],"is_group":false,"exceptions":[]}]}
{"timestamp":"2026-10-06T01:43:20.707109Z","level":"error","event":"Error loading DAG from xcom_check.py: 'DAG' object is not callable","logger":"airflow.dag_processing.dagbag.BundleDagBag","filename":"dagbag.py","lineno":319}
{"timestamp":"2026-10-06T01:43:24.848081Z","level":"info","event":"Filling up the DagBag from /opt/airflow/dags/xcom_check.py","logger":"airflow.dag_processing.dagbag.BundleDagBag","filename":"dagbag.py","lineno":460}
{"timestamp":"2026-10-06T01:43:24.900415Z","level":"error","event":"Failed to import: /opt/airflow/dags/xcom_check.py","logger":"airflow.dag_processing.importers.python_importer","filename":"python_importer.py","lineno":244,"error_detail":[{"exc_type":"IndentationError","exc_value":"unexpected unindent (xcom_check.py, line 25)","exc_notes":[],"syntax_error":{"offset":5,"filename":"/opt/airflow/dags/xcom_check.py","line":"    ","lineno":25,"msg":"unexpected unindent"},"is_cause":false,"frames":[{"filename":"/home/airflow/.local/lib/python3.13/site-packages/airflow/dag_processing/importers/python_importer.py","lineno":238,"name":"parse"},{"filename":"<frozen importlib._bootstrap_external>","lineno":1019,"name":"exec_module"},{"filename":"<frozen importlib._bootstrap_external>","lineno":1157,"name":"get_code"},{"filename":"<frozen importlib._bootstrap_external>","lineno":1087,"name":"source_to_code"},{"filename":"<frozen importlib._bootstrap>","lineno":488,"name":"_call_with_frames_removed"}],"is_group":false,"exceptions":[]}]}
{"timestamp":"2026-10-06T01:43:24.901524Z","level":"error","event":"Error loading DAG from xcom_check.py: unexpected unindent (xcom_check.py, line 25)","logger":"airflow.dag_processing.dagbag.BundleDagBag","filename":"dagbag.py","lineno":319}
{"timestamp":"2026-10-06T01:43:30.031655Z","level":"info","event":"Filling up the DagBag from /opt/airflow/dags/xcom_check.py","logger":"airflow.dag_processing.dagbag.BundleDagBag","filename":"dagbag.py","lineno":460}
{"timestamp":"2026-10-06T01:43:30.069150Z","level":"error","event":"Failed to import: /opt/airflow/dags/xcom_check.py","logger":"airflow.dag_processing.importers.python_importer","filename":"python_importer.py","lineno":244,"error_detail":[{"exc_type":"SyntaxError","exc_value":"expected '(' (xcom_check.py, line 25)","exc_notes":[],"syntax_error":{"offset":18,"filename":"/opt/airflow/dags/xcom_check.py","line":"    def load_data","lineno":25,"msg":"expected '('"},"is_cause":false,"frames":[{"filename":"/home/airflow/.local/lib/python3.13/site-packages/airflow/dag_processing/importers/python_importer.py","lineno":238,"name":"parse"},{"filename":"<frozen importlib._bootstrap_external>","lineno":1019,"name":"exec_module"},{"filename":"<frozen importlib._bootstrap_external>","lineno":1157,"name":"get_code"},{"filename":"<frozen importlib._bootstrap_external>","lineno":1087,"name":"source_to_code"},{"filename":"<frozen importlib._bootstrap>","lineno":488,"name":"_call_with_frames_removed"}],"is_group":false,"exceptions":[]}]}
{"timestamp":"2026-10-06T01:43:30.070134Z","level":"error","event":"Error loading DAG from xcom_check.py: expected '(' (xcom_check.py, line 25)","logger":"airflow.dag_processing.dagbag.BundleDagBag","filename":"dagbag.py","lineno":319}
{"timestamp":"2026-10-06T01:43:34.196358Z","level":"info","event":"Filling up the DagBag from /opt/airflow/dags/xcom_check.py","logger":"airflow.dag_processing.dagbag.BundleDagBag","filename":"dagbag.py","lineno":460}
{"timestamp":"2026-10-06T01:43:34.228259Z","level":"error","event":"Failed to import: /opt/airflow/dags/xcom_check.py","logger":"airflow.dag_processing.importers.python_importer","filename":"python_importer.py","lineno":244,"error_detail":[{"exc_type":"SyntaxError","exc_value":"expected ':' (xcom_check.py, line 25)","exc_notes":[],"syntax_error":{"offset":29,"filename":"/opt/airflow/dags/xcom_check.py","line":"    def load_data(data:dict)","lineno":25,"msg":"expected ':'"},"is_cause":false,"frames":[{"filename":"/home/airflow/.local/lib/python3.13/site-packages/airflow/dag_processing/importers/python_importer.py","lineno":238,"name":"parse"},{"filename":"<frozen importlib._bootstrap_external>","lineno":1019,"name":"exec_module"},{"filename":"<frozen importlib._bootstrap_external>","lineno":1157,"name":"get_code"},{"filename":"<frozen importlib._bootstrap_external>","lineno":1087,"name":"source_to_code"},{"filename":"<frozen importlib._bootstrap>","lineno":488,"name":"_call_with_frames_removed"}],"is_group":false,"exceptions":[]}]}
{"timestamp":"2026-10-06T01:43:34.229181Z","level":"error","event":"Error loading DAG from xcom_check.py: expected ':' (xcom_check.py, line 25)","logger":"airflow.dag_processing.dagbag.BundleDagBag","filename":"dagbag.py","lineno":319}
{"timestamp":"2026-10-06T01:43:39.488771Z","level":"info","event":"Filling up the DagBag from /opt/airflow/dags/xcom_check.py","logger":"airflow.dag_processing.dagbag.BundleDagBag","filename":"dagbag.py","lineno":460}
{"timestamp":"2026-10-06T01:43:39.525033Z","level":"error","event":"Failed to import: /opt/airflow/dags/xcom_check.py","logger":"airflow.dag_processing.importers.python_importer","filename":"python_importer.py","lineno":244,"error_detail":[{"exc_type":"IndentationError","exc_value":"expected an indented block after function definition on line 25 (xcom_check.py, line 26)","exc_notes":[],"syntax_error":{"offset":9,"filename":"/opt/airflow/dags/xcom_check.py","line":"        ","lineno":26,"msg":"expected an indented block after function definition on line 25"},"is_cause":false,"frames":[{"filename":"/home/airflow/.local/lib/python3.13/site-packages/airflow/dag_processing/importers/python_importer.py","lineno":238,"name":"parse"},{"filename":"<frozen importlib._bootstrap_external>","lineno":1019,"name":"exec_module"},{"filename":"<frozen importlib._bootstrap_external>","lineno":1157,"name":"get_code"},{"filename":"<frozen importlib._bootstrap_external>","lineno":1087,"name":"source_to_code"},{"filename":"<frozen importlib._bootstrap>","lineno":488,"name":"_call_with_frames_removed"}],"is_group":false,"exceptions":[]}]}
{"timestamp":"2026-10-06T01:43:39.526316Z","level":"error","event":"Error loading DAG from xcom_check.py: expected an indented block after function definition on line 25 (xcom_check.py, line 26)","logger":"airflow.dag_processing.dagbag.BundleDagBag","filename":"dagbag.py","lineno":319}
{"timestamp":"2026-10-06T01:43:46.672169Z","level":"info","event":"Filling up the DagBag from /opt/airflow/dags/xcom_check.py","logger":"airflow.dag_processing.dagbag.BundleDagBag","filename":"dagbag.py","lineno":460}
{"timestamp":"2026-10-06T01:43:46.721246Z","level":"error","event":"Failed to import: /opt/airflow/dags/xcom_check.py","logger":"airflow.dag_processing.importers.python_importer","filename":"python_importer.py","lineno":244,"error_detail":[{"exc_type":"SyntaxError","exc_value":"unterminated string literal (detected at line 26) (xcom_check.py, line 26)","exc_notes":[],"syntax_error":{"offset":30,"filename":"/opt/airflow/dags/xcom_check.py","line":"        print(loading data...\")","lineno":26,"msg":"unterminated string literal (detected at line 26)"},"is_cause":false,"frames":[{"filename":"/home/airflow/.local/lib/python3.13/site-packages/airflow/dag_processing/importers/python_importer.py","lineno":238,"name":"parse"},{"filename":"<frozen importlib._bootstrap_external>","lineno":1019,"name":"exec_module"},{"filename":"<frozen importlib._bootstrap_external>","lineno":1157,"name":"get_code"},{"filename":"<frozen importlib._bootstrap_external>","lineno":1087,"name":"source_to_code"},{"filename":"<frozen importlib._bootstrap>","lineno":488,"name":"_call_with_frames_removed"}],"is_group":false,"exceptions":[]}]}
{"timestamp":"2026-10-06T01:43:46.722361Z","level":"error","event":"Error loading DAG from xcom_check.py: unterminated string literal (detected at line 26) (xcom_check.py, line 26)","logger":"airflow.dag_processing.dagbag.BundleDagBag","filename":"dagbag.py","lineno":319}
{"timestamp":"2026-10-06T01:43:48.852211Z","level":"info","event":"Filling up the DagBag from /opt/airflow/dags/xcom_check.py","logger":"airflow.dag_processing.dagbag.BundleDagBag","filename":"dagbag.py","lineno":460}
{"timestamp":"2026-10-06T01:43:48.919737Z","level":"error","event":"Failed to import: /opt/airflow/dags/xcom_check.py","logger":"airflow.dag_processing.importers.python_importer","filename":"python_importer.py","lineno":244,"error_detail":[{"exc_type":"TypeError","exc_value":"'DAG' object is not callable","exc_notes":[],"syntax_error":null,"is_cause":false,"frames":[{"filename":"/home/airflow/.local/lib/python3.13/site-packages/airflow/dag_processing/importers/python_importer.py","lineno":238,"name":"parse"},{"filename":"<frozen importlib._bootstrap_external>","lineno":1023,"name":"exec_module"},{"filename":"<frozen importlib._bootstrap>","lineno":488,"name":"_call_with_frames_removed"},{"filename":"/opt/airflow/dags/xcom_check.py","lineno":4,"name":"<module>"}],"is_group":false,"exceptions":[]}]}
{"timestamp":"2026-10-06T01:43:48.928464Z","level":"error","event":"Error loading DAG from xcom_check.py: 'DAG' object is not callable","logger":"airflow.dag_processing.dagbag.BundleDagBag","filename":"dagbag.py","lineno":319}
{"timestamp":"2026-10-06T01:43:50.022058Z","level":"info","event":"Filling up the DagBag from /opt/airflow/dags/xcom_check.py","logger":"airflow.dag_processing.dagbag.BundleDagBag","filename":"dagbag.py","lineno":460}
{"timestamp":"2026-10-06T01:43:50.087402Z","level":"error","event":"Failed to import: /opt/airflow/dags/xcom_check.py","logger":"airflow.dag_processing.importers.python_importer","filename":"python_importer.py","lineno":244,"error_detail":[{"exc_type":"TypeError","exc_value":"'DAG' object is not callable","exc_notes":[],"syntax_error":null,"is_cause":false,"frames":[{"filename":"/home/airflow/.local/lib/python3.13/site-packages/airflow/dag_processing/importers/python_importer.py","lineno":238,"name":"parse"},{"filename":"<frozen importlib._bootstrap_external>","lineno":1023,"name":"exec_module"},{"filename":"<frozen importlib._bootstrap>","lineno":488,"name":"_call_with_frames_removed"},{"filename":"/opt/airflow/dags/xcom_check.py","lineno":4,"name":"<module>"}],"is_group":false,"exceptions":[]}]}
{"timestamp":"2026-10-06T01:43:50.095593Z","level":"error","event":"Error loading DAG from xcom_check.py: 'DAG' object is not callable","logger":"airflow.dag_processing.dagbag.BundleDagBag","filename":"dagbag.py","lineno":319}
{"timestamp":"2026-10-06T01:43:56.237011Z","level":"info","event":"Filling up the DagBag from /opt/airflow/dags/xcom_check.py","logger":"airflow.dag_processing.dagbag.BundleDagBag","filename":"dagbag.py","lineno":460}
{"timestamp":"2026-10-06T01:43:56.313035Z","level":"error","event":"Failed to import: /opt/airflow/dags/xcom_check.py","logger":"airflow.dag_processing.importers.python_importer","filename":"python_importer.py","lineno":244,"error_detail":[{"exc_type":"TypeError","exc_value":"'DAG' object is not callable","exc_notes":[],"syntax_error":null,"is_cause":false,"frames":[{"filename":"/home/airflow/.local/lib/python3.13/site-packages/airflow/dag_processing/importers/python_importer.py","lineno":238,"name":"parse"},{"filename":"<frozen importlib._bootstrap_external>","lineno":1023,"name":"exec_module"},{"filename":"<frozen importlib._bootstrap>","lineno":488,"name":"_call_with_frames_removed"},{"filename":"/opt/airflow/dags/xcom_check.py","lineno":4,"name":"<module>"}],"is_group":false,"exceptions":[]}]}
{"timestamp":"2026-10-06T01:43:56.321185Z","level":"error","event":"Error loading DAG from xcom_check.py: 'DAG' object is not callable","logger":"airflow.dag_processing.dagbag.BundleDagBag","filename":"dagbag.py","lineno":319}
{"timestamp":"2026-10-06T01:43:57.411870Z","level":"info","event":"Filling up the DagBag from /opt/airflow/dags/xcom_check.py","logger":"airflow.dag_processing.dagbag.BundleDagBag","filename":"dagbag.py","lineno":460}
{"timestamp":"2026-10-06T01:43:57.484980Z","level":"error","event":"Failed to import: /opt/airflow/dags/xcom_check.py","logger":"airflow.dag_processing.importers.python_importer","filename":"python_importer.py","lineno":244,"error_detail":[{"exc_type":"TypeError","exc_value":"'DAG' object is not callable","exc_notes":[],"syntax_error":null,"is_cause":false,"frames":[{"filename":"/home/airflow/.local/lib/python3.13/site-packages/airflow/dag_processing/importers/python_importer.py","lineno":238,"name":"parse"},{"filename":"<frozen importlib._bootstrap_external>","lineno":1023,"name":"exec_module"},{"filename":"<frozen importlib._bootstrap>","lineno":488,"name":"_call_with_frames_removed"},{"filename":"/opt/airflow/dags/xcom_check.py","lineno":4,"name":"<module>"}],"is_group":false,"exceptions":[]}]}
{"timestamp":"2026-10-06T01:43:57.493595Z","level":"error","event":"Error loading DAG from xcom_check.py: 'DAG' object is not callable","logger":"airflow.dag_processing.dagbag.BundleDagBag","filename":"dagbag.py","lineno":319}
{"timestamp":"2026-10-06T01:44:19.949550Z","level":"info","event":"Filling up the DagBag from /opt/airflow/dags/xcom_check.py","logger":"airflow.dag_processing.dagbag.BundleDagBag","filename":"dagbag.py","lineno":460}
{"timestamp":"2026-10-06T01:44:20.018305Z","level":"error","event":"Failed to import: /opt/airflow/dags/xcom_check.py","logger":"airflow.dag_processing.importers.python_importer","filename":"python_importer.py","lineno":244,"error_detail":[{"exc_type":"TypeError","exc_value":"'DAG' object is not callable","exc_notes":[],"syntax_error":null,"is_cause":false,"frames":[{"filename":"/home/airflow/.local/lib/python3.13/site-packages/airflow/dag_processing/importers/python_importer.py","lineno":238,"name":"parse"},{"filename":"<frozen importlib._bootstrap_external>","lineno":1023,"name":"exec_module"},{"filename":"<frozen importlib._bootstrap>","lineno":488,"name":"_call_with_frames_removed"},{"filename":"/opt/airflow/dags/xcom_check.py","lineno":4,"name":"<module>"}],"is_group":false,"exceptions":[]}]}
{"timestamp":"2026-10-06T01:44:20.024964Z","level":"error","event":"Error loading DAG from xcom_check.py: 'DAG' object is not callable","logger":"airflow.dag_processing.dagbag.BundleDagBag","filename":"dagbag.py","lineno":319}
{"timestamp":"2026-10-06T01:44:26.181669Z","level":"info","event":"Filling up the DagBag from /opt/airflow/dags/xcom_check.py","logger":"airflow.dag_processing.dagbag.BundleDagBag","filename":"dagbag.py","lineno":460}
{"timestamp":"2026-10-06T01:44:26.251066Z","level":"error","event":"Failed to import: /opt/airflow/dags/xcom_check.py","logger":"airflow.dag_processing.importers.python_importer","filename":"python_importer.py","lineno":244,"error_detail":[{"exc_type":"TypeError","exc_value":"'DAG' object is not callable","exc_notes":[],"syntax_error":null,"is_cause":false,"frames":[{"filename":"/home/airflow/.local/lib/python3.13/site-packages/airflow/dag_processing/importers/python_importer.py","lineno":238,"name":"parse"},{"filename":"<frozen importlib._bootstrap_external>","lineno":1023,"name":"exec_module"},{"filename":"<frozen importlib._bootstrap>","lineno":488,"name":"_call_with_frames_removed"},{"filename":"/opt/airflow/dags/xcom_check.py","lineno":4,"name":"<module>"}],"is_group":false,"exceptions":[]}]}
{"timestamp":"2026-10-06T01:44:26.258844Z","level":"error","event":"Error loading DAG from xcom_check.py: 'DAG' object is not callable","logger":"airflow.dag_processing.dagbag.BundleDagBag","filename":"dagbag.py","lineno":319}
{"timestamp":"2026-10-06T01:44:30.383828Z","level":"info","event":"Filling up the DagBag from /opt/airflow/dags/xcom_check.py","logger":"airflow.dag_processing.dagbag.BundleDagBag","filename":"dagbag.py","lineno":460}
{"timestamp":"2026-10-06T01:44:30.452411Z","level":"error","event":"Failed to import: /opt/airflow/dags/xcom_check.py","logger":"airflow.dag_processing.importers.python_importer","filename":"python_importer.py","lineno":244,"error_detail":[{"exc_type":"TypeError","exc_value":"'DAG' object is not callable","exc_notes":[],"syntax_error":null,"is_cause":false,"frames":[{"filename":"/home/airflow/.local/lib/python3.13/site-packages/airflow/dag_processing/importers/python_importer.py","lineno":238,"name":"parse"},{"filename":"<frozen importlib._bootstrap_external>","lineno":1023,"name":"exec_module"},{"filename":"<frozen importlib._bootstrap>","lineno":488,"name":"_call_with_frames_removed"},{"filename":"/opt/airflow/dags/xcom_check.py","lineno":4,"name":"<module>"}],"is_group":false,"exceptions":[]}]}
{"timestamp":"2026-10-06T01:44:30.460820Z","level":"error","event":"Error loading DAG from xcom_check.py: 'DAG' object is not callable","logger":"airflow.dag_processing.dagbag.BundleDagBag","filename":"dagbag.py","lineno":319}
{"timestamp":"2026-10-06T01:44:38.807892Z","level":"info","event":"Filling up the DagBag from /opt/airflow/dags/xcom_check.py","logger":"airflow.dag_processing.dagbag.BundleDagBag","filename":"dagbag.py","lineno":460}
{"timestamp":"2026-10-06T01:44:38.884747Z","level":"error","event":"Failed to import: /opt/airflow/dags/xcom_check.py","logger":"airflow.dag_processing.importers.python_importer","filename":"python_importer.py","lineno":244,"error_detail":[{"exc_type":"TypeError","exc_value":"'DAG' object is not callable","exc_notes":[],"syntax_error":null,"is_cause":false,"frames":[{"filename":"/home/airflow/.local/lib/python3.13/site-packages/airflow/dag_processing/importers/python_importer.py","lineno":238,"name":"parse"},{"filename":"<frozen importlib._bootstrap_external>","lineno":1023,"name":"exec_module"},{"filename":"<frozen importlib._bootstrap>","lineno":488,"name":"_call_with_frames_removed"},{"filename":"/opt/airflow/dags/xcom_check.py","lineno":4,"name":"<module>"}],"is_group":false,"exceptions":[]}]}
{"timestamp":"2026-10-06T01:44:38.893916Z","level":"error","event":"Error loading DAG from xcom_check.py: 'DAG' object is not callable","logger":"airflow.dag_processing.dagbag.BundleDagBag","filename":"dagbag.py","lineno":319}
{"timestamp":"2026-10-06T01:44:43.007827Z","level":"info","event":"Filling up the DagBag from /opt/airflow/dags/xcom_check.py","logger":"airflow.dag_processing.dagbag.BundleDagBag","filename":"dagbag.py","lineno":460}
{"timestamp":"2026-10-06T01:44:43.031431Z","level":"error","event":"Failed to import: /opt/airflow/dags/xcom_check.py","logger":"airflow.dag_processing.importers.python_importer","filename":"python_importer.py","lineno":244,"error_detail":[{"exc_type":"SyntaxError","exc_value":"invalid syntax (xcom_check.py, line 32)","exc_notes":[],"syntax_error":{"offset":14,"filename":"/opt/airflow/dags/xcom_check.py","line":"    task_2 = ","lineno":32,"msg":"invalid syntax"},"is_cause":false,"frames":[{"filename":"/home/airflow/.local/lib/python3.13/site-packages/airflow/dag_processing/importers/python_importer.py","lineno":238,"name":"parse"},{"filename":"<frozen importlib._bootstrap_external>","lineno":1019,"name":"exec_module"},{"filename":"<frozen importlib._bootstrap_external>","lineno":1157,"name":"get_code"},{"filename":"<frozen importlib._bootstrap_external>","lineno":1087,"name":"source_to_code"},{"filename":"<frozen importlib._bootstrap>","lineno":488,"name":"_call_with_frames_removed"}],"is_group":false,"exceptions":[]}]}
{"timestamp":"2026-10-06T01:44:43.032528Z","level":"error","event":"Error loading DAG from xcom_check.py: invalid syntax (xcom_check.py, line 32)","logger":"airflow.dag_processing.dagbag.BundleDagBag","filename":"dagbag.py","lineno":319}
{"timestamp":"2026-10-06T01:44:49.199848Z","level":"info","event":"Filling up the DagBag from /opt/airflow/dags/xcom_check.py","logger":"airflow.dag_processing.dagbag.BundleDagBag","filename":"dagbag.py","lineno":460}
{"timestamp":"2026-10-06T01:44:49.282605Z","level":"error","event":"Failed to import: /opt/airflow/dags/xcom_check.py","logger":"airflow.dag_processing.importers.python_importer","filename":"python_importer.py","lineno":244,"error_detail":[{"exc_type":"TypeError","exc_value":"'DAG' object is not callable","exc_notes":[],"syntax_error":null,"is_cause":false,"frames":[{"filename":"/home/airflow/.local/lib/python3.13/site-packages/airflow/dag_processing/importers/python_importer.py","lineno":238,"name":"parse"},{"filename":"<frozen importlib._bootstrap_external>","lineno":1023,"name":"exec_module"},{"filename":"<frozen importlib._bootstrap>","lineno":488,"name":"_call_with_frames_removed"},{"filename":"/opt/airflow/dags/xcom_check.py","lineno":4,"name":"<module>"}],"is_group":false,"exceptions":[]}]}
{"timestamp":"2026-10-06T01:44:49.289980Z","level":"error","event":"Error loading DAG from xcom_check.py: 'DAG' object is not callable","logger":"airflow.dag_processing.dagbag.BundleDagBag","filename":"dagbag.py","lineno":319}
{"timestamp":"2026-10-06T01:44:52.409716Z","level":"info","event":"Filling up the DagBag from /opt/airflow/dags/xcom_check.py","logger":"airflow.dag_processing.dagbag.BundleDagBag","filename":"dagbag.py","lineno":460}
{"timestamp":"2026-10-06T01:44:52.489119Z","level":"error","event":"Failed to import: /opt/airflow/dags/xcom_check.py","logger":"airflow.dag_processing.importers.python_importer","filename":"python_importer.py","lineno":244,"error_detail":[{"exc_type":"TypeError","exc_value":"'DAG' object is not callable","exc_notes":[],"syntax_error":null,"is_cause":false,"frames":[{"filename":"/home/airflow/.local/lib/python3.13/site-packages/airflow/dag_processing/importers/python_importer.py","lineno":238,"name":"parse"},{"filename":"<frozen importlib._bootstrap_external>","lineno":1023,"name":"exec_module"},{"filename":"<frozen importlib._bootstrap>","lineno":488,"name":"_call_with_frames_removed"},{"filename":"/opt/airflow/dags/xcom_check.py","lineno":4,"name":"<module>"}],"is_group":false,"exceptions":[]}]}
{"timestamp":"2026-10-06T01:44:52.497329Z","level":"error","event":"Error loading DAG from xcom_check.py: 'DAG' object is not callable","logger":"airflow.dag_processing.dagbag.BundleDagBag","filename":"dagbag.py","lineno":319}
{"timestamp":"2026-10-06T01:44:53.580809Z","level":"info","event":"Filling up the DagBag from /opt/airflow/dags/xcom_check.py","logger":"airflow.dag_processing.dagbag.BundleDagBag","filename":"dagbag.py","lineno":460}
{"timestamp":"2026-10-06T01:44:53.644880Z","level":"error","event":"Failed to import: /opt/airflow/dags/xcom_check.py","logger":"airflow.dag_processing.importers.python_importer","filename":"python_importer.py","lineno":244,"error_detail":[{"exc_type":"TypeError","exc_value":"'DAG' object is not callable","exc_notes":[],"syntax_error":null,"is_cause":false,"frames":[{"filename":"/home/airflow/.local/lib/python3.13/site-packages/airflow/dag_processing/importers/python_importer.py","lineno":238,"name":"parse"},{"filename":"<frozen importlib._bootstrap_external>","lineno":1023,"name":"exec_module"},{"filename":"<frozen importlib._bootstrap>","lineno":488,"name":"_call_with_frames_removed"},{"filename":"/opt/airflow/dags/xcom_check.py","lineno":4,"name":"<module>"}],"is_group":false,"exceptions":[]}]}
{"timestamp":"2026-10-06T01:44:53.654543Z","level":"error","event":"Error loading DAG from xcom_check.py: 'DAG' object is not callable","logger":"airflow.dag_processing.dagbag.BundleDagBag","filename":"dagbag.py","lineno":319}
{"timestamp":"2026-10-06T01:45:22.150086Z","level":"info","event":"Filling up the DagBag from /opt/airflow/dags/xcom_check.py","logger":"airflow.dag_processing.dagbag.BundleDagBag","filename":"dagbag.py","lineno":460}
{"timestamp":"2026-10-06T01:45:22.243043Z","level":"error","event":"Failed to import: /opt/airflow/dags/xcom_check.py","logger":"airflow.dag_processing.importers.python_importer","filename":"python_importer.py","lineno":244,"error_detail":[{"exc_type":"NameError","exc_value":"name 'dag' is not defined","exc_notes":[],"syntax_error":null,"is_cause":false,"frames":[{"filename":"/home/airflow/.local/lib/python3.13/site-packages/airflow/dag_processing/importers/python_importer.py","lineno":238,"name":"parse"},{"filename":"<frozen importlib._bootstrap_external>","lineno":1023,"name":"exec_module"},{"filename":"<frozen importlib._bootstrap>","lineno":488,"name":"_call_with_frames_removed"},{"filename":"/opt/airflow/dags/xcom_check.py","lineno":4,"name":"<module>"}],"is_group":false,"exceptions":[]}]}
{"timestamp":"2026-10-06T01:45:22.252887Z","level":"error","event":"Error loading DAG from xcom_check.py: name 'dag' is not defined","logger":"airflow.dag_processing.dagbag.BundleDagBag","filename":"dagbag.py","lineno":319}
{"timestamp":"2026-10-06T01:45:27.395627Z","level":"info","event":"Filling up the DagBag from /opt/airflow/dags/xcom_check.py","logger":"airflow.dag_processing.dagbag.BundleDagBag","filename":"dagbag.py","lineno":460}
{"timestamp":"2026-10-06T01:45:58.086133Z","level":"info","event":"Filling up the DagBag from /opt/airflow/dags/xcom_check.py","logger":"airflow.dag_processing.dagbag.BundleDagBag","filename":"dagbag.py","lineno":460}
{"timestamp":"2026-10-06T01:46:29.060343Z","level":"info","event":"Filling up the DagBag from /opt/airflow/dags/xcom_check.py","logger":"airflow.dag_processing.dagbag.BundleDagBag","filename":"dagbag.py","lineno":460}
{"timestamp":"2026-10-06T01:46:59.482071Z","level":"info","event":"Filling up the DagBag from /opt/airflow/dags/xcom_check.py","logger":"airflow.dag_processing.dagbag.BundleDagBag","filename":"dagbag.py","lineno":460}
{"timestamp":"2026-10-06T01:47:30.121791Z","level":"info","event":"Filling up the DagBag from /opt/airflow/dags/xcom_check.py","logger":"airflow.dag_processing.dagbag.BundleDagBag","filename":"dagbag.py","lineno":460}
{"timestamp":"2026-10-06T01:48:00.618699Z","level":"info","event":"Filling up the DagBag from /opt/airflow/dags/xcom_check.py","logger":"airflow.dag_processing.dagbag.BundleDagBag","filename":"dagbag.py","lineno":460}
{"timestamp":"2026-10-06T01:48:31.210906Z","level":"info","event":"Filling up the DagBag from /opt/airflow/dags/xcom_check.py","logger":"airflow.dag_processing.dagbag.BundleDagBag","filename":"dagbag.py","lineno":460}
{"timestamp":"2026-10-06T01:49:01.788936Z","level":"info","event":"Filling up the DagBag from /opt/airflow/dags/xcom_check.py","logger":"airflow.dag_processing.dagbag.BundleDagBag","filename":"dagbag.py","lineno":460}
{"timestamp":"2026-10-06T01:49:32.374553Z","level":"info","event":"Filling up the DagBag from /opt/airflow/dags/xcom_check.py","logger":"airflow.dag_processing.dagbag.BundleDagBag","filename":"dagbag.py","lineno":460}
{"timestamp":"2026-10-06T01:50:02.961433Z","level":"info","event":"Filling up the DagBag from /opt/airflow/dags/xcom_check.py","logger":"airflow.dag_processing.dagbag.BundleDagBag","filename":"dagbag.py","lineno":460}
{"timestamp":"2026-10-06T01:50:33.615461Z","level":"info","event":"Filling up the DagBag from /opt/airflow/dags/xcom_check.py","logger":"airflow.dag_processing.dagbag.BundleDagBag","filename":"dagbag.py","lineno":460}
{"timestamp":"2026-10-06T01:51:04.215204Z","level":"info","event":"Filling up the DagBag from /opt/airflow/dags/xcom_check.py","logger":"airflow.dag_processing.dagbag.BundleDagBag","filename":"dagbag.py","lineno":460}
{"timestamp":"2026-10-06T01:51:34.889100Z","level":"info","event":"Filling up the DagBag from /opt/airflow/dags/xcom_check.py","logger":"airflow.dag_processing.dagbag.BundleDagBag","filename":"dagbag.py","lineno":460}
{"timestamp":"2026-10-06T01:52:05.522528Z","level":"info","event":"Filling up the DagBag from /opt/airflow/dags/xcom_check.py","logger":"airflow.dag_processing.dagbag.BundleDagBag","filename":"dagbag.py","lineno":460}
{"timestamp":"2026-10-06T01:52:36.089654Z","level":"info","event":"Filling up the DagBag from /opt/airflow/dags/xcom_check.py","logger":"airflow.dag_processing.dagbag.BundleDagBag","filename":"dagbag.py","lineno":460}
{"timestamp":"2026-10-06T01:53:06.738301Z","level":"info","event":"Filling up the DagBag from /opt/airflow/dags/xcom_check.py","logger":"airflow.dag_processing.dagbag.BundleDagBag","filename":"dagbag.py","lineno":460}
{"timestamp":"2026-10-06T01:53:37.256769Z","level":"info","event":"Filling up the DagBag from /opt/airflow/dags/xcom_check.py","logger":"airflow.dag_processing.dagbag.BundleDagBag","filename":"dagbag.py","lineno":460}
{"timestamp":"2026-10-06T01:54:07.816057Z","level":"info","event":"Filling up the DagBag from /opt/airflow/dags/xcom_check.py","logger":"airflow.dag_processing.dagbag.BundleDagBag","filename":"dagbag.py","lineno":460}
{"timestamp":"2026-10-06T01:54:38.367883Z","level":"info","event":"Filling up the DagBag from /opt/airflow/dags/xcom_check.py","logger":"airflow.dag_processing.dagbag.BundleDagBag","filename":"dagbag.py","lineno":460}
{"timestamp":"2026-10-06T01:55:09.040092Z","level":"info","event":"Filling up the DagBag from /opt/airflow/dags/xcom_check.py","logger":"airflow.dag_processing.dagbag.BundleDagBag","filename":"dagbag.py","lineno":460}
{"timestamp":"2026-10-06T01:55:39.622983Z","level":"info","event":"Filling up the DagBag from /opt/airflow/dags/xcom_check.py","logger":"airflow.dag_processing.dagbag.BundleDagBag","filename":"dagbag.py","lineno":460}
{"timestamp":"2026-10-06T01:56:10.324138Z","level":"info","event":"Filling up the DagBag from /opt/airflow/dags/xcom_check.py","logger":"airflow.dag_processing.dagbag.BundleDagBag","filename":"dagbag.py","lineno":460}
{"timestamp":"2026-10-06T01:56:40.902053Z","level":"info","event":"Filling up the DagBag from /opt/airflow/dags/xcom_check.py","logger":"airflow.dag_processing.dagbag.BundleDagBag","filename":"dagbag.py","lineno":460}
{"timestamp":"2026-10-06T01:57:11.524223Z","level":"info","event":"Filling up the DagBag from /opt/airflow/dags/xcom_check.py","logger":"airflow.dag_processing.dagbag.BundleDagBag","filename":"dagbag.py","lineno":460}
{"timestamp":"2026-10-06T01:57:42.173449Z","level":"info","event":"Filling up the DagBag from /opt/airflow/dags/xcom_check.py","logger":"airflow.dag_processing.dagbag.BundleDagBag","filename":"dagbag.py","lineno":460}
{"timestamp":"2026-10-06T01:58:12.873220Z","level":"info","event":"Filling up the DagBag from /opt/airflow/dags/xcom_check.py","logger":"airflow.dag_processing.dagbag.BundleDagBag","filename":"dagbag.py","lineno":460}
{"timestamp":"2026-10-06T01:58:43.500473Z","level":"info","event":"Filling up the DagBag from /opt/airflow/dags/xcom_check.py","logger":"airflow.dag_processing.dagbag.BundleDagBag","filename":"dagbag.py","lineno":460}
{"timestamp":"2026-10-06T01:59:14.137690Z","level":"info","event":"Filling up the DagBag from /opt/airflow/dags/xcom_check.py","logger":"airflow.dag_processing.dagbag.BundleDagBag","filename":"dagbag.py","lineno":460}
{"timestamp":"2026-10-06T01:59:44.665685Z","level":"info","event":"Filling up the DagBag from /opt/airflow/dags/xcom_check.py","logger":"airflow.dag_processing.dagbag.BundleDagBag","filename":"dagbag.py","lineno":460}
{"timestamp":"2026-10-06T02:00:15.254440Z","level":"info","event":"Filling up the DagBag from /opt/airflow/dags/xcom_check.py","logger":"airflow.dag_processing.dagbag.BundleDagBag","filename":"dagbag.py","lineno":460}
{"timestamp":"2026-10-06T02:00:45.851300Z","level":"info","event":"Filling up the DagBag from /opt/airflow/dags/xcom_check.py","logger":"airflow.dag_processing.dagbag.BundleDagBag","filename":"dagbag.py","lineno":460}
{"timestamp":"2026-10-06T02:01:16.491001Z","level":"info","event":"Filling up the DagBag from /opt/airflow/dags/xcom_check.py","logger":"airflow.dag_processing.dagbag.BundleDagBag","filename":"dagbag.py","lineno":460}
{"timestamp":"2026-10-06T02:01:47.169282Z","level":"info","event":"Filling up the DagBag from /opt/airflow/dags/xcom_check.py","logger":"airflow.dag_processing.dagbag.BundleDagBag","filename":"dagbag.py","lineno":460}
{"timestamp":"2026-10-06T02:02:17.748079Z","level":"info","event":"Filling up the DagBag from /opt/airflow/dags/xcom_check.py","logger":"airflow.dag_processing.dagbag.BundleDagBag","filename":"dagbag.py","lineno":460}
{"timestamp":"2026-10-06T02:02:48.392425Z","level":"info","event":"Filling up the DagBag from /opt/airflow/dags/xcom_check.py","logger":"airflow.dag_processing.dagbag.BundleDagBag","filename":"dagbag.py","lineno":460}
{"timestamp":"2026-10-06T02:03:18.992948Z","level":"info","event":"Filling up the DagBag from /opt/airflow/dags/xcom_check.py","logger":"airflow.dag_processing.dagbag.BundleDagBag","filename":"dagbag.py","lineno":460}
{"timestamp":"2026-10-06T02:03:49.649448Z","level":"info","event":"Filling up the DagBag from /opt/airflow/dags/xcom_check.py","logger":"airflow.dag_processing.dagbag.BundleDagBag","filename":"dagbag.py","lineno":460}
{"timestamp":"2026-10-06T02:04:20.242540Z","level":"info","event":"Filling up the DagBag from /opt/airflow/dags/xcom_check.py","logger":"airflow.dag_processing.dagbag.BundleDagBag","filename":"dagbag.py","lineno":460}
{"timestamp":"2026-10-06T02:04:50.907587Z","level":"info","event":"Filling up the DagBag from /opt/airflow/dags/xcom_check.py","logger":"airflow.dag_processing.dagbag.BundleDagBag","filename":"dagbag.py","lineno":460}
{"timestamp":"2026-10-06T02:05:21.736037Z","level":"info","event":"Filling up the DagBag from /opt/airflow/dags/xcom_check.py","logger":"airflow.dag_processing.dagbag.BundleDagBag","filename":"dagbag.py","lineno":460}
{"timestamp":"2026-10-06T02:05:52.484687Z","level":"info","event":"Filling up the DagBag from /opt/airflow/dags/xcom_check.py","logger":"airflow.dag_processing.dagbag.BundleDagBag","filename":"dagbag.py","lineno":460}
{"timestamp":"2026-10-06T02:06:23.346616Z","level":"info","event":"Filling up the DagBag from /opt/airflow/dags/xcom_check.py","logger":"airflow.dag_processing.dagbag.BundleDagBag","filename":"dagbag.py","lineno":460}
{"timestamp":"2026-10-06T02:06:54.243262Z","level":"info","event":"Filling up the DagBag from /opt/airflow/dags/xcom_check.py","logger":"airflow.dag_processing.dagbag.BundleDagBag","filename":"dagbag.py","lineno":460}
{"timestamp":"2026-10-06T02:07:25.080551Z","level":"info","event":"Filling up the DagBag from /opt/airflow/dags/xcom_check.py","logger":"airflow.dag_processing.dagbag.BundleDagBag","filename":"dagbag.py","lineno":460}
{"timestamp":"2026-10-06T02:07:55.919827Z","level":"info","event":"Filling up the DagBag from /opt/airflow/dags/xcom_check.py","logger":"airflow.dag_processing.dagbag.BundleDagBag","filename":"dagbag.py","lineno":460}
{"timestamp":"2026-10-06T02:08:26.699057Z","level":"info","event":"Filling up the DagBag from /opt/airflow/dags/xcom_check.py","logger":"airflow.dag_processing.dagbag.BundleDagBag","filename":"dagbag.py","lineno":460}
{"timestamp":"2026-10-06T02:08:57.471114Z","level":"info","event":"Filling up the DagBag from /opt/airflow/dags/xcom_check.py","logger":"airflow.dag_processing.dagbag.BundleDagBag","filename":"dagbag.py","lineno":460}
{"timestamp":"2026-10-06T02:09:28.450569Z","level":"info","event":"Filling up the DagBag from /opt/airflow/dags/xcom_check.py","logger":"airflow.dag_processing.dagbag.BundleDagBag","filename":"dagbag.py","lineno":460}
{"timestamp":"2026-10-06T02:09:59.289733Z","level":"info","event":"Filling up the DagBag from /opt/airflow/dags/xcom_check.py","logger":"airflow.dag_processing.dagbag.BundleDagBag","filename":"dagbag.py","lineno":460}
{"timestamp":"2026-10-06T02:10:30.172978Z","level":"info","event":"Filling up the DagBag from /opt/airflow/dags/xcom_check.py","logger":"airflow.dag_processing.dagbag.BundleDagBag","filename":"dagbag.py","lineno":460}
{"timestamp":"2026-10-06T02:11:00.991595Z","level":"info","event":"Filling up the DagBag from /opt/airflow/dags/xcom_check.py","logger":"airflow.dag_processing.dagbag.BundleDagBag","filename":"dagbag.py","lineno":460}
{"timestamp":"2026-10-06T02:11:31.778896Z","level":"info","event":"Filling up the DagBag from /opt/airflow/dags/xcom_check.py","logger":"airflow.dag_processing.dagbag.BundleDagBag","filename":"dagbag.py","lineno":460}
{"timestamp":"2026-10-06T02:12:02.592004Z","level":"info","event":"Filling up the DagBag from /opt/airflow/dags/xcom_check.py","logger":"airflow.dag_processing.dagbag.BundleDagBag","filename":"dagbag.py","lineno":460}
{"timestamp":"2026-10-06T02:12:33.399962Z","level":"info","event":"Filling up the DagBag from /opt/airflow/dags/xcom_check.py","logger":"airflow.dag_processing.dagbag.BundleDagBag","filename":"dagbag.py","lineno":460}
{"timestamp":"2026-10-06T02:13:03.689391Z","level":"info","event":"Filling up the DagBag from /opt/airflow/dags/xcom_check.py","logger":"airflow.dag_processing.dagbag.BundleDagBag","filename":"dagbag.py","lineno":460}
{"timestamp":"2026-10-06T02:13:34.466161Z","level":"info","event":"Filling up the DagBag from /opt/airflow/dags/xcom_check.py","logger":"airflow.dag_processing.dagbag.BundleDagBag","filename":"dagbag.py","lineno":460}
{"timestamp":"2026-10-06T02:14:05.208665Z","level":"info","event":"Filling up the DagBag from /opt/airflow/dags/xcom_check.py","logger":"airflow.dag_processing.dagbag.BundleDagBag","filename":"dagbag.py","lineno":460}
{"timestamp":"2026-10-06T02:14:35.977303Z","level":"info","event":"Filling up the DagBag from /opt/airflow/dags/xcom_check.py","logger":"airflow.dag_processing.dagbag.BundleDagBag","filename":"dagbag.py","lineno":460}
{"timestamp":"2026-10-06T02:15:06.784941Z","level":"info","event":"Filling up the DagBag from /opt/airflow/dags/xcom_check.py","logger":"airflow.dag_processing.dagbag.BundleDagBag","filename":"dagbag.py","lineno":460}
{"timestamp":"2026-10-06T02:15:37.665334Z","level":"info","event":"Filling up the DagBag from /opt/airflow/dags/xcom_check.py","logger":"airflow.dag_processing.dagbag.BundleDagBag","filename":"dagbag.py","lineno":460}
{"timestamp":"2026-10-06T02:16:08.521612Z","level":"info","event":"Filling up the DagBag from /opt/airflow/dags/xcom_check.py","logger":"airflow.dag_processing.dagbag.BundleDagBag","filename":"dagbag.py","lineno":460}
{"timestamp":"2026-10-06T02:16:39.340581Z","level":"info","event":"Filling up the DagBag from /opt/airflow/dags/xcom_check.py","logger":"airflow.dag_processing.dagbag.BundleDagBag","filename":"dagbag.py","lineno":460}
{"timestamp":"2026-10-06T02:17:10.118362Z","level":"info","event":"Filling up the DagBag from /opt/airflow/dags/xcom_check.py","logger":"airflow.dag_processing.dagbag.BundleDagBag","filename":"dagbag.py","lineno":460}
{"timestamp":"2026-10-06T02:17:41.072513Z","level":"info","event":"Filling up the DagBag from /opt/airflow/dags/xcom_check.py","logger":"airflow.dag_processing.dagbag.BundleDagBag","filename":"dagbag.py","lineno":460}
{"timestamp":"2026-10-06T02:18:11.922381Z","level":"info","event":"Filling up the DagBag from /opt/airflow/dags/xcom_check.py","logger":"airflow.dag_processing.dagbag.BundleDagBag","filename":"dagbag.py","lineno":460}
{"timestamp":"2026-10-06T02:18:42.749570Z","level":"info","event":"Filling up the DagBag from /opt/airflow/dags/xcom_check.py","logger":"airflow.dag_processing.dagbag.BundleDagBag","filename":"dagbag.py","lineno":460}
{"timestamp":"2026-10-06T02:19:13.605775Z","level":"info","event":"Filling up the DagBag from /opt/airflow/dags/xcom_check.py","logger":"airflow.dag_processing.dagbag.BundleDagBag","filename":"dagbag.py","lineno":460}
{"timestamp":"2026-10-06T02:19:44.462395Z","level":"info","event":"Filling up the DagBag from /opt/airflow/dags/xcom_check.py","logger":"airflow.dag_processing.dagbag.BundleDagBag","filename":"dagbag.py","lineno":460}
{"timestamp":"2026-10-06T02:20:15.457180Z","level":"info","event":"Filling up the DagBag from /opt/airflow/dags/xcom_check.py","logger":"airflow.dag_processing.dagbag.BundleDagBag","filename":"dagbag.py","lineno":460}
{"timestamp":"2026-10-06T02:20:46.201846Z","level":"info","event":"Filling up the DagBag from /opt/airflow/dags/xcom_check.py","logger":"airflow.dag_processing.dagbag.BundleDagBag","filename":"dagbag.py","lineno":460}
{"timestamp":"2026-10-06T02:21:16.371367Z","level":"info","event":"Filling up the DagBag from /opt/airflow/dags/xcom_check.py","logger":"airflow.dag_processing.dagbag.BundleDagBag","filename":"dagbag.py","lineno":460}
{"timestamp":"2026-10-06T02:21:47.223272Z","level":"info","event":"Filling up the DagBag from /opt/airflow/dags/xcom_check.py","logger":"airflow.dag_processing.dagbag.BundleDagBag","filename":"dagbag.py","lineno":460}
{"timestamp":"2026-10-06T02:22:18.064591Z","level":"info","event":"Filling up the DagBag from /opt/airflow/dags/xcom_check.py","logger":"airflow.dag_processing.dagbag.BundleDagBag","filename":"dagbag.py","lineno":460}
{"timestamp":"2026-10-06T02:22:48.983028Z","level":"info","event":"Filling up the DagBag from /opt/airflow/dags/xcom_check.py","logger":"airflow.dag_processing.dagbag.BundleDagBag","filename":"dagbag.py","lineno":460}
{"timestamp":"2026-10-06T02:23:19.658846Z","level":"info","event":"Filling up the DagBag from /opt/airflow/dags/xcom_check.py","logger":"airflow.dag_processing.dagbag.BundleDagBag","filename":"dagbag.py","lineno":460}
{"timestamp":"2026-10-06T02:23:50.460693Z","level":"info","event":"Filling up the DagBag from /opt/airflow/dags/xcom_check.py","logger":"airflow.dag_processing.dagbag.BundleDagBag","filename":"dagbag.py","lineno":460}
{"timestamp":"2026-10-06T02:24:21.302365Z","level":"info","event":"Filling up the DagBag from /opt/airflow/dags/xcom_check.py","logger":"airflow.dag_processing.dagbag.BundleDagBag","filename":"dagbag.py","lineno":460}
{"timestamp":"2026-10-06T02:24:52.082373Z","level":"info","event":"Filling up the DagBag from /opt/airflow/dags/xcom_check.py","logger":"airflow.dag_processing.dagbag.BundleDagBag","filename":"dagbag.py","lineno":460}
{"timestamp":"2026-10-06T02:25:22.861553Z","level":"info","event":"Filling up the DagBag from /opt/airflow/dags/xcom_check.py","logger":"airflow.dag_processing.dagbag.BundleDagBag","filename":"dagbag.py","lineno":460}
{"timestamp":"2026-10-06T02:25:53.716162Z","level":"info","event":"Filling up the DagBag from /opt/airflow/dags/xcom_check.py","logger":"airflow.dag_processing.dagbag.BundleDagBag","filename":"dagbag.py","lineno":460}
{"timestamp":"2026-10-06T02:26:24.512384Z","level":"info","event":"Filling up the DagBag from /opt/airflow/dags/xcom_check.py","logger":"airflow.dag_processing.dagbag.BundleDagBag","filename":"dagbag.py","lineno":460}
{"timestamp":"2026-10-06T02:26:55.299211Z","level":"info","event":"Filling up the DagBag from /opt/airflow/dags/xcom_check.py","logger":"airflow.dag_processing.dagbag.BundleDagBag","filename":"dagbag.py","lineno":460}
{"timestamp":"2026-10-06T02:27:25.535703Z","level":"info","event":"Filling up the DagBag from /opt/airflow/dags/xcom_check.py","logger":"airflow.dag_processing.dagbag.BundleDagBag","filename":"dagbag.py","lineno":460}
{"timestamp":"2026-10-06T02:27:56.354378Z","level":"info","event":"Filling up the DagBag from /opt/airflow/dags/xcom_check.py","logger":"airflow.dag_processing.dagbag.BundleDagBag","filename":"dagbag.py","lineno":460}
{"timestamp":"2026-10-06T02:28:26.502145Z","level":"info","event":"Filling up the DagBag from /opt/airflow/dags/xcom_check.py","logger":"airflow.dag_processing.dagbag.BundleDagBag","filename":"dagbag.py","lineno":460}
{"timestamp":"2026-10-06T02:28:57.346990Z","level":"info","event":"Filling up the DagBag from /opt/airflow/dags/xcom_check.py","logger":"airflow.dag_processing.dagbag.BundleDagBag","filename":"dagbag.py","lineno":460}
{"timestamp":"2026-10-06T02:29:28.107953Z","level":"info","event":"Filling up the DagBag from /opt/airflow/dags/xcom_check.py","logger":"airflow.dag_processing.dagbag.BundleDagBag","filename":"dagbag.py","lineno":460}
{"timestamp":"2026-10-06T02:29:59.137140Z","level":"info","event":"Filling up the DagBag from /opt/airflow/dags/xcom_check.py","logger":"airflow.dag_processing.dagbag.BundleDagBag","filename":"dagbag.py","lineno":460}
{"timestamp":"2026-10-06T02:30:29.509767Z","level":"info","event":"Filling up the DagBag from /opt/airflow/dags/xcom_check.py","logger":"airflow.dag_processing.dagbag.BundleDagBag","filename":"dagbag.py","lineno":460}
{"timestamp":"2026-10-06T02:30:35.844965Z","level":"info","event":"Filling up the DagBag from /opt/airflow/dags/xcom_check.py","logger":"airflow.dag_processing.dagbag.BundleDagBag","filename":"dagbag.py","lineno":460}
{"timestamp":"2026-10-06T02:30:35.943532Z","level":"error","event":"Failed to import: /opt/airflow/dags/xcom_check.py","logger":"airflow.dag_processing.importers.python_importer","filename":"python_importer.py","lineno":244,"error_detail":[{"exc_type":"TypeError","exc_value":"too many positional arguments","exc_notes":[],"syntax_error":null,"is_cause":false,"frames":[{"filename":"/home/airflow/.local/lib/python3.13/site-packages/airflow/dag_processing/importers/python_importer.py","lineno":238,"name":"parse"},{"filename":"<frozen importlib._bootstrap_external>","lineno":1023,"name":"exec_module"},{"filename":"<frozen importlib._bootstrap>","lineno":488,"name":"_call_with_frames_removed"},{"filename":"/opt/airflow/dags/xcom_check.py","lineno":36,"name":"<module>"},{"filename":"/home/airflow/.local/lib/python3.13/site-packages/airflow/sdk/definitions/dag.py","lineno":1696,"name":"factory"},{"filename":"/opt/airflow/dags/xcom_check.py","lineno":34,"name":"xcom_check"},{"filename":"/home/airflow/.local/lib/python3.13/site-packages/airflow/sdk/bases/decorator.py","lineno":555,"name":"__call__"},{"filename":"/home/airflow/.local/lib/python3.13/site-packages/airflow/sdk/bases/operator.py","lineno":567,"name":"apply_defaults"},{"filename":"/home/airflow/.local/lib/python3.13/site-packages/airflow/providers/standard/decorators/python.py","lineno":53,"name":"__init__"},{"filename":"/home/airflow/.local/lib/python3.13/site-packages/airflow/sdk/bases/operator.py","lineno":567,"name":"apply_defaults"},{"filename":"/home/airflow/.local/lib/python3.13/site-packages/airflow/sdk/bases/decorator.py","lineno":404,"name":"__init__"},{"filename":"/usr/python/lib/python3.13/inspect.py","lineno":3314,"name":"bind"},{"filename":"/usr/python/lib/python3.13/inspect.py","lineno":3238,"name":"_bind"}],"is_group":false,"exceptions":[]}]}
{"timestamp":"2026-10-06T02:30:35.945810Z","level":"error","event":"Error loading DAG from xcom_check.py: too many positional arguments","logger":"airflow.dag_processing.dagbag.BundleDagBag","filename":"dagbag.py","lineno":319}
{"timestamp":"2026-10-06T02:30:37.058815Z","level":"info","event":"Filling up the DagBag from /opt/airflow/dags/xcom_check.py","logger":"airflow.dag_processing.dagbag.BundleDagBag","filename":"dagbag.py","lineno":460}
{"timestamp":"2026-10-06T02:30:37.125649Z","level":"error","event":"Failed to import: /opt/airflow/dags/xcom_check.py","logger":"airflow.dag_processing.importers.python_importer","filename":"python_importer.py","lineno":244,"error_detail":[{"exc_type":"TypeError","exc_value":"too many positional arguments","exc_notes":[],"syntax_error":null,"is_cause":false,"frames":[{"filename":"/home/airflow/.local/lib/python3.13/site-packages/airflow/dag_processing/importers/python_importer.py","lineno":238,"name":"parse"},{"filename":"<frozen importlib._bootstrap_external>","lineno":1023,"name":"exec_module"},{"filename":"<frozen importlib._bootstrap>","lineno":488,"name":"_call_with_frames_removed"},{"filename":"/opt/airflow/dags/xcom_check.py","lineno":36,"name":"<module>"},{"filename":"/home/airflow/.local/lib/python3.13/site-packages/airflow/sdk/definitions/dag.py","lineno":1696,"name":"factory"},{"filename":"/opt/airflow/dags/xcom_check.py","lineno":34,"name":"xcom_check"},{"filename":"/home/airflow/.local/lib/python3.13/site-packages/airflow/sdk/bases/decorator.py","lineno":555,"name":"__call__"},{"filename":"/home/airflow/.local/lib/python3.13/site-packages/airflow/sdk/bases/operator.py","lineno":567,"name":"apply_defaults"},{"filename":"/home/airflow/.local/lib/python3.13/site-packages/airflow/providers/standard/decorators/python.py","lineno":53,"name":"__init__"},{"filename":"/home/airflow/.local/lib/python3.13/site-packages/airflow/sdk/bases/operator.py","lineno":567,"name":"apply_defaults"},{"filename":"/home/airflow/.local/lib/python3.13/site-packages/airflow/sdk/bases/decorator.py","lineno":404,"name":"__init__"},{"filename":"/usr/python/lib/python3.13/inspect.py","lineno":3314,"name":"bind"},{"filename":"/usr/python/lib/python3.13/inspect.py","lineno":3238,"name":"_bind"}],"is_group":false,"exceptions":[]}]}
{"timestamp":"2026-10-06T02:30:37.127461Z","level":"error","event":"Error loading DAG from xcom_check.py: too many positional arguments","logger":"airflow.dag_processing.dagbag.BundleDagBag","filename":"dagbag.py","lineno":319}
{"timestamp":"2026-10-06T02:30:57.599002Z","level":"info","event":"Filling up the DagBag from /opt/airflow/dags/xcom_check.py","logger":"airflow.dag_processing.dagbag.BundleDagBag","filename":"dagbag.py","lineno":460}
{"timestamp":"2026-10-06T02:30:59.972462Z","level":"info","event":"Filling up the DagBag from /opt/airflow/dags/xcom_check.py","logger":"airflow.dag_processing.dagbag.BundleDagBag","filename":"dagbag.py","lineno":460}
{"timestamp":"2026-10-06T02:31:00.039840Z","level":"error","event":"Failed to import: /opt/airflow/dags/xcom_check.py","logger":"airflow.dag_processing.importers.python_importer","filename":"python_importer.py","lineno":244,"error_detail":[{"exc_type":"TypeError","exc_value":"too many positional arguments","exc_notes":[],"syntax_error":null,"is_cause":false,"frames":[{"filename":"/home/airflow/.local/lib/python3.13/site-packages/airflow/dag_processing/importers/python_importer.py","lineno":238,"name":"parse"},{"filename":"<frozen importlib._bootstrap_external>","lineno":1023,"name":"exec_module"},{"filename":"<frozen importlib._bootstrap>","lineno":488,"name":"_call_with_frames_removed"},{"filename":"/opt/airflow/dags/xcom_check.py","lineno":36,"name":"<module>"},{"filename":"/home/airflow/.local/lib/python3.13/site-packages/airflow/sdk/definitions/dag.py","lineno":1696,"name":"factory"},{"filename":"/opt/airflow/dags/xcom_check.py","lineno":34,"name":"xcom_check"},{"filename":"/home/airflow/.local/lib/python3.13/site-packages/airflow/sdk/bases/decorator.py","lineno":555,"name":"__call__"},{"filename":"/home/airflow/.local/lib/python3.13/site-packages/airflow/sdk/bases/operator.py","lineno":567,"name":"apply_defaults"},{"filename":"/home/airflow/.local/lib/python3.13/site-packages/airflow/providers/standard/decorators/python.py","lineno":53,"name":"__init__"},{"filename":"/home/airflow/.local/lib/python3.13/site-packages/airflow/sdk/bases/operator.py","lineno":567,"name":"apply_defaults"},{"filename":"/home/airflow/.local/lib/python3.13/site-packages/airflow/sdk/bases/decorator.py","lineno":404,"name":"__init__"},{"filename":"/usr/python/lib/python3.13/inspect.py","lineno":3314,"name":"bind"},{"filename":"/usr/python/lib/python3.13/inspect.py","lineno":3238,"name":"_bind"}],"is_group":false,"exceptions":[]}]}
{"timestamp":"2026-10-06T02:31:00.041589Z","level":"error","event":"Error loading DAG from xcom_check.py: too many positional arguments","logger":"airflow.dag_processing.dagbag.BundleDagBag","filename":"dagbag.py","lineno":319}
{"timestamp":"2026-10-06T02:31:10.309033Z","level":"info","event":"Filling up the DagBag from /opt/airflow/dags/xcom_check.py","logger":"airflow.dag_processing.dagbag.BundleDagBag","filename":"dagbag.py","lineno":460}
{"timestamp":"2026-10-06T02:31:10.336402Z","level":"error","event":"Failed to import: /opt/airflow/dags/xcom_check.py","logger":"airflow.dag_processing.importers.python_importer","filename":"python_importer.py","lineno":244,"error_detail":[{"exc_type":"SyntaxError","exc_value":"invalid syntax (xcom_check.py, line 1)","exc_notes":[],"syntax_error":{"offset":25,"filename":"/opt/airflow/dags/xcom_check.py","line":"from airflow.sdk import , task\n","lineno":1,"msg":"invalid syntax"},"is_cause":false,"frames":[{"filename":"/home/airflow/.local/lib/python3.13/site-packages/airflow/dag_processing/importers/python_importer.py","lineno":238,"name":"parse"},{"filename":"<frozen importlib._bootstrap_external>","lineno":1019,"name":"exec_module"},{"filename":"<frozen importlib._bootstrap_external>","lineno":1157,"name":"get_code"},{"filename":"<frozen importlib._bootstrap_external>","lineno":1087,"name":"source_to_code"},{"filename":"<frozen importlib._bootstrap>","lineno":488,"name":"_call_with_frames_removed"}],"is_group":false,"exceptions":[]}]}
{"timestamp":"2026-10-06T02:31:10.337233Z","level":"error","event":"Error loading DAG from xcom_check.py: invalid syntax (xcom_check.py, line 1)","logger":"airflow.dag_processing.dagbag.BundleDagBag","filename":"dagbag.py","lineno":319}
{"timestamp":"2026-10-06T02:31:15.498393Z","level":"info","event":"Filling up the DagBag from /opt/airflow/dags/xcom_check.py","logger":"airflow.dag_processing.dagbag.BundleDagBag","filename":"dagbag.py","lineno":460}
{"timestamp":"2026-10-06T02:31:15.564548Z","level":"error","event":"Failed to import: /opt/airflow/dags/xcom_check.py","logger":"airflow.dag_processing.importers.python_importer","filename":"python_importer.py","lineno":244,"error_detail":[{"exc_type":"TypeError","exc_value":"too many positional arguments","exc_notes":[],"syntax_error":null,"is_cause":false,"frames":[{"filename":"/home/airflow/.local/lib/python3.13/site-packages/airflow/dag_processing/importers/python_importer.py","lineno":238,"name":"parse"},{"filename":"<frozen importlib._bootstrap_external>","lineno":1023,"name":"exec_module"},{"filename":"<frozen importlib._bootstrap>","lineno":488,"name":"_call_with_frames_removed"},{"filename":"/opt/airflow/dags/xcom_check.py","lineno":36,"name":"<module>"},{"filename":"/home/airflow/.local/lib/python3.13/site-packages/airflow/sdk/definitions/dag.py","lineno":1696,"name":"factory"},{"filename":"/opt/airflow/dags/xcom_check.py","lineno":34,"name":"xcom_check"},{"filename":"/home/airflow/.local/lib/python3.13/site-packages/airflow/sdk/bases/decorator.py","lineno":555,"name":"__call__"},{"filename":"/home/airflow/.local/lib/python3.13/site-packages/airflow/sdk/bases/operator.py","lineno":567,"name":"apply_defaults"},{"filename":"/home/airflow/.local/lib/python3.13/site-packages/airflow/providers/standard/decorators/python.py","lineno":53,"name":"__init__"},{"filename":"/home/airflow/.local/lib/python3.13/site-packages/airflow/sdk/bases/operator.py","lineno":567,"name":"apply_defaults"},{"filename":"/home/airflow/.local/lib/python3.13/site-packages/airflow/sdk/bases/decorator.py","lineno":404,"name":"__init__"},{"filename":"/usr/python/lib/python3.13/inspect.py","lineno":3314,"name":"bind"},{"filename":"/usr/python/lib/python3.13/inspect.py","lineno":3238,"name":"_bind"}],"is_group":false,"exceptions":[]}]}
{"timestamp":"2026-10-06T02:31:15.566121Z","level":"error","event":"Error loading DAG from xcom_check.py: too many positional arguments","logger":"airflow.dag_processing.dagbag.BundleDagBag","filename":"dagbag.py","lineno":319}
{"timestamp":"2026-10-06T02:31:30.162950Z","level":"info","event":"Filling up the DagBag from /opt/airflow/dags/xcom_check.py","logger":"airflow.dag_processing.dagbag.BundleDagBag","filename":"dagbag.py","lineno":460}
{"timestamp":"2026-10-06T02:31:30.239102Z","level":"error","event":"Failed to import: /opt/airflow/dags/xcom_check.py","logger":"airflow.dag_processing.importers.python_importer","filename":"python_importer.py","lineno":244,"error_detail":[{"exc_type":"TypeError","exc_value":"too many positional arguments","exc_notes":[],"syntax_error":null,"is_cause":false,"frames":[{"filename":"/home/airflow/.local/lib/python3.13/site-packages/airflow/dag_processing/importers/python_importer.py","lineno":238,"name":"parse"},{"filename":"<frozen importlib._bootstrap_external>","lineno":1023,"name":"exec_module"},{"filename":"<frozen importlib._bootstrap>","lineno":488,"name":"_call_with_frames_removed"},{"filename":"/opt/airflow/dags/xcom_check.py","lineno":36,"name":"<module>"},{"filename":"/home/airflow/.local/lib/python3.13/site-packages/airflow/sdk/definitions/dag.py","lineno":1696,"name":"factory"},{"filename":"/opt/airflow/dags/xcom_check.py","lineno":34,"name":"xcom_check"},{"filename":"/home/airflow/.local/lib/python3.13/site-packages/airflow/sdk/bases/decorator.py","lineno":555,"name":"__call__"},{"filename":"/home/airflow/.local/lib/python3.13/site-packages/airflow/sdk/bases/operator.py","lineno":567,"name":"apply_defaults"},{"filename":"/home/airflow/.local/lib/python3.13/site-packages/airflow/providers/standard/decorators/python.py","lineno":53,"name":"__init__"},{"filename":"/home/airflow/.local/lib/python3.13/site-packages/airflow/sdk/bases/operator.py","lineno":567,"name":"apply_defaults"},{"filename":"/home/airflow/.local/lib/python3.13/site-packages/airflow/sdk/bases/decorator.py","lineno":404,"name":"__init__"},{"filename":"/usr/python/lib/python3.13/inspect.py","lineno":3314,"name":"bind"},{"filename":"/usr/python/lib/python3.13/inspect.py","lineno":3238,"name":"_bind"}],"is_group":false,"exceptions":[]}]}
{"timestamp":"2026-10-06T02:31:30.241146Z","level":"error","event":"Error loading DAG from xcom_check.py: too many positional arguments","logger":"airflow.dag_processing.dagbag.BundleDagBag","filename":"dagbag.py","lineno":319}
{"timestamp":"2026-10-06T02:31:34.405570Z","level":"info","event":"Filling up the DagBag from /opt/airflow/dags/xcom_check.py","logger":"airflow.dag_processing.dagbag.BundleDagBag","filename":"dagbag.py","lineno":460}
{"timestamp":"2026-10-06T02:31:34.496129Z","level":"error","event":"Failed to import: /opt/airflow/dags/xcom_check.py","logger":"airflow.dag_processing.importers.python_importer","filename":"python_importer.py","lineno":244,"error_detail":[{"exc_type":"TypeError","exc_value":"'DAG' object is not callable","exc_notes":[],"syntax_error":null,"is_cause":false,"frames":[{"filename":"/home/airflow/.local/lib/python3.13/site-packages/airflow/dag_processing/importers/python_importer.py","lineno":238,"name":"parse"},{"filename":"<frozen importlib._bootstrap_external>","lineno":1023,"name":"exec_module"},{"filename":"<frozen importlib._bootstrap>","lineno":488,"name":"_call_with_frames_removed"},{"filename":"/opt/airflow/dags/xcom_check.py","lineno":4,"name":"<module>"}],"is_group":false,"exceptions":[]}]}
{"timestamp":"2026-10-06T02:31:34.504652Z","level":"error","event":"Error loading DAG from xcom_check.py: 'DAG' object is not callable","logger":"airflow.dag_processing.dagbag.BundleDagBag","filename":"dagbag.py","lineno":319}
{"timestamp":"2026-10-06T02:31:37.628376Z","level":"info","event":"Filling up the DagBag from /opt/airflow/dags/xcom_check.py","logger":"airflow.dag_processing.dagbag.BundleDagBag","filename":"dagbag.py","lineno":460}
{"timestamp":"2026-10-06T02:31:37.696131Z","level":"error","event":"Failed to import: /opt/airflow/dags/xcom_check.py","logger":"airflow.dag_processing.importers.python_importer","filename":"python_importer.py","lineno":244,"error_detail":[{"exc_type":"TypeError","exc_value":"too many positional arguments","exc_notes":[],"syntax_error":null,"is_cause":false,"frames":[{"filename":"/home/airflow/.local/lib/python3.13/site-packages/airflow/dag_processing/importers/python_importer.py","lineno":238,"name":"parse"},{"filename":"<frozen importlib._bootstrap_external>","lineno":1023,"name":"exec_module"},{"filename":"<frozen importlib._bootstrap>","lineno":488,"name":"_call_with_frames_removed"},{"filename":"/opt/airflow/dags/xcom_check.py","lineno":36,"name":"<module>"},{"filename":"/home/airflow/.local/lib/python3.13/site-packages/airflow/sdk/definitions/dag.py","lineno":1696,"name":"factory"},{"filename":"/opt/airflow/dags/xcom_check.py","lineno":34,"name":"xcom_check"},{"filename":"/home/airflow/.local/lib/python3.13/site-packages/airflow/sdk/bases/decorator.py","lineno":555,"name":"__call__"},{"filename":"/home/airflow/.local/lib/python3.13/site-packages/airflow/sdk/bases/operator.py","lineno":567,"name":"apply_defaults"},{"filename":"/home/airflow/.local/lib/python3.13/site-packages/airflow/providers/standard/decorators/python.py","lineno":53,"name":"__init__"},{"filename":"/home/airflow/.local/lib/python3.13/site-packages/airflow/sdk/bases/operator.py","lineno":567,"name":"apply_defaults"},{"filename":"/home/airflow/.local/lib/python3.13/site-packages/airflow/sdk/bases/decorator.py","lineno":404,"name":"__init__"},{"filename":"/usr/python/lib/python3.13/inspect.py","lineno":3314,"name":"bind"},{"filename":"/usr/python/lib/python3.13/inspect.py","lineno":3238,"name":"_bind"}],"is_group":false,"exceptions":[]}]}
{"timestamp":"2026-10-06T02:31:37.697708Z","level":"error","event":"Error loading DAG from xcom_check.py: too many positional arguments","logger":"airflow.dag_processing.dagbag.BundleDagBag","filename":"dagbag.py","lineno":319}
{"timestamp":"2026-10-06T02:31:42.825897Z","level":"info","event":"Filling up the DagBag from /opt/airflow/dags/xcom_check.py","logger":"airflow.dag_processing.dagbag.BundleDagBag","filename":"dagbag.py","lineno":460}
{"timestamp":"2026-10-06T02:31:42.877016Z","level":"error","event":"Failed to import: /opt/airflow/dags/xcom_check.py","logger":"airflow.dag_processing.importers.python_importer","filename":"python_importer.py","lineno":244,"error_detail":[{"exc_type":"SyntaxError","exc_value":"invalid syntax (xcom_check.py, line 11)","exc_notes":[],"syntax_error":{"offset":24,"filename":"/opt/airflow/dags/xcom_check.py","line":"    def extract_data(**):\n","lineno":11,"msg":"invalid syntax"},"is_cause":false,"frames":[{"filename":"/home/airflow/.local/lib/python3.13/site-packages/airflow/dag_processing/importers/python_importer.py","lineno":238,"name":"parse"},{"filename":"<frozen importlib._bootstrap_external>","lineno":1019,"name":"exec_module"},{"filename":"<frozen importlib._bootstrap_external>","lineno":1157,"name":"get_code"},{"filename":"<frozen importlib._bootstrap_external>","lineno":1087,"name":"source_to_code"},{"filename":"<frozen importlib._bootstrap>","lineno":488,"name":"_call_with_frames_removed"}],"is_group":false,"exceptions":[]}]}
{"timestamp":"2026-10-06T02:31:42.877899Z","level":"error","event":"Error loading DAG from xcom_check.py: invalid syntax (xcom_check.py, line 11)","logger":"airflow.dag_processing.dagbag.BundleDagBag","filename":"dagbag.py","lineno":319}
{"timestamp":"2026-10-06T02:31:43.965752Z","level":"info","event":"Filling up the DagBag from /opt/airflow/dags/xcom_check.py","logger":"airflow.dag_processing.dagbag.BundleDagBag","filename":"dagbag.py","lineno":460}
{"timestamp":"2026-10-06T02:31:44.024740Z","level":"error","event":"Failed to import: /opt/airflow/dags/xcom_check.py","logger":"airflow.dag_processing.importers.python_importer","filename":"python_importer.py","lineno":244,"error_detail":[{"exc_type":"TypeError","exc_value":"too many positional arguments","exc_notes":[],"syntax_error":null,"is_cause":false,"frames":[{"filename":"/home/airflow/.local/lib/python3.13/site-packages/airflow/dag_processing/importers/python_importer.py","lineno":238,"name":"parse"},{"filename":"<frozen importlib._bootstrap_external>","lineno":1023,"name":"exec_module"},{"filename":"<frozen importlib._bootstrap>","lineno":488,"name":"_call_with_frames_removed"},{"filename":"/opt/airflow/dags/xcom_check.py","lineno":36,"name":"<module>"},{"filename":"/home/airflow/.local/lib/python3.13/site-packages/airflow/sdk/definitions/dag.py","lineno":1696,"name":"factory"},{"filename":"/opt/airflow/dags/xcom_check.py","lineno":34,"name":"xcom_check"},{"filename":"/home/airflow/.local/lib/python3.13/site-packages/airflow/sdk/bases/decorator.py","lineno":555,"name":"__call__"},{"filename":"/home/airflow/.local/lib/python3.13/site-packages/airflow/sdk/bases/operator.py","lineno":567,"name":"apply_defaults"},{"filename":"/home/airflow/.local/lib/python3.13/site-packages/airflow/providers/standard/decorators/python.py","lineno":53,"name":"__init__"},{"filename":"/home/airflow/.local/lib/python3.13/site-packages/airflow/sdk/bases/operator.py","lineno":567,"name":"apply_defaults"},{"filename":"/home/airflow/.local/lib/python3.13/site-packages/airflow/sdk/bases/decorator.py","lineno":404,"name":"__init__"},{"filename":"/usr/python/lib/python3.13/inspect.py","lineno":3314,"name":"bind"},{"filename":"/usr/python/lib/python3.13/inspect.py","lineno":3238,"name":"_bind"}],"is_group":false,"exceptions":[]}]}
{"timestamp":"2026-10-06T02:31:44.026306Z","level":"error","event":"Error loading DAG from xcom_check.py: too many positional arguments","logger":"airflow.dag_processing.dagbag.BundleDagBag","filename":"dagbag.py","lineno":319}
{"timestamp":"2026-10-06T02:31:48.305644Z","level":"info","event":"Filling up the DagBag from /opt/airflow/dags/xcom_check.py","logger":"airflow.dag_processing.dagbag.BundleDagBag","filename":"dagbag.py","lineno":460}
{"timestamp":"2026-10-06T02:31:48.377118Z","level":"error","event":"Failed to import: /opt/airflow/dags/xcom_check.py","logger":"airflow.dag_processing.importers.python_importer","filename":"python_importer.py","lineno":244,"error_detail":[{"exc_type":"TypeError","exc_value":"too many positional arguments","exc_notes":[],"syntax_error":null,"is_cause":false,"frames":[{"filename":"/home/airflow/.local/lib/python3.13/site-packages/airflow/dag_processing/importers/python_importer.py","lineno":238,"name":"parse"},{"filename":"<frozen importlib._bootstrap_external>","lineno":1023,"name":"exec_module"},{"filename":"<frozen importlib._bootstrap>","lineno":488,"name":"_call_with_frames_removed"},{"filename":"/opt/airflow/dags/xcom_check.py","lineno":37,"name":"<module>"},{"filename":"/home/airflow/.local/lib/python3.13/site-packages/airflow/sdk/definitions/dag.py","lineno":1696,"name":"factory"},{"filename":"/opt/airflow/dags/xcom_check.py","lineno":35,"name":"xcom_check"},{"filename":"/home/airflow/.local/lib/python3.13/site-packages/airflow/sdk/bases/decorator.py","lineno":555,"name":"__call__"},{"filename":"/home/airflow/.local/lib/python3.13/site-packages/airflow/sdk/bases/operator.py","lineno":567,"name":"apply_defaults"},{"filename":"/home/airflow/.local/lib/python3.13/site-packages/airflow/providers/standard/decorators/python.py","lineno":53,"name":"__init__"},{"filename":"/home/airflow/.local/lib/python3.13/site-packages/airflow/sdk/bases/operator.py","lineno":567,"name":"apply_defaults"},{"filename":"/home/airflow/.local/lib/python3.13/site-packages/airflow/sdk/bases/decorator.py","lineno":404,"name":"__init__"},{"filename":"/usr/python/lib/python3.13/inspect.py","lineno":3314,"name":"bind"},{"filename":"/usr/python/lib/python3.13/inspect.py","lineno":3238,"name":"_bind"}],"is_group":false,"exceptions":[]}]}
{"timestamp":"2026-10-06T02:31:48.378909Z","level":"error","event":"Error loading DAG from xcom_check.py: too many positional arguments","logger":"airflow.dag_processing.dagbag.BundleDagBag","filename":"dagbag.py","lineno":319}
{"timestamp":"2026-10-06T02:31:48.508901Z","level":"info","event":"Filling up the DagBag from /opt/airflow/dags/xcom_check.py","logger":"airflow.dag_processing.dagbag.BundleDagBag","filename":"dagbag.py","lineno":460}
{"timestamp":"2026-10-06T02:31:48.588412Z","level":"error","event":"Failed to import: /opt/airflow/dags/xcom_check.py","logger":"airflow.dag_processing.importers.python_importer","filename":"python_importer.py","lineno":244,"error_detail":[{"exc_type":"TypeError","exc_value":"too many positional arguments","exc_notes":[],"syntax_error":null,"is_cause":false,"frames":[{"filename":"/home/airflow/.local/lib/python3.13/site-packages/airflow/dag_processing/importers/python_importer.py","lineno":238,"name":"parse"},{"filename":"<frozen importlib._bootstrap_external>","lineno":1023,"name":"exec_module"},{"filename":"<frozen importlib._bootstrap>","lineno":488,"name":"_call_with_frames_removed"},{"filename":"/opt/airflow/dags/xcom_check.py","lineno":38,"name":"<module>"},{"filename":"/home/airflow/.local/lib/python3.13/site-packages/airflow/sdk/definitions/dag.py","lineno":1696,"name":"factory"},{"filename":"/opt/airflow/dags/xcom_check.py","lineno":36,"name":"xcom_check"},{"filename":"/home/airflow/.local/lib/python3.13/site-packages/airflow/sdk/bases/decorator.py","lineno":555,"name":"__call__"},{"filename":"/home/airflow/.local/lib/python3.13/site-packages/airflow/sdk/bases/operator.py","lineno":567,"name":"apply_defaults"},{"filename":"/home/airflow/.local/lib/python3.13/site-packages/airflow/providers/standard/decorators/python.py","lineno":53,"name":"__init__"},{"filename":"/home/airflow/.local/lib/python3.13/site-packages/airflow/sdk/bases/operator.py","lineno":567,"name":"apply_defaults"},{"filename":"/home/airflow/.local/lib/python3.13/site-packages/airflow/sdk/bases/decorator.py","lineno":404,"name":"__init__"},{"filename":"/usr/python/lib/python3.13/inspect.py","lineno":3314,"name":"bind"},{"filename":"/usr/python/lib/python3.13/inspect.py","lineno":3238,"name":"_bind"}],"is_group":false,"exceptions":[]}]}
{"timestamp":"2026-10-06T02:31:48.589983Z","level":"error","event":"Error loading DAG from xcom_check.py: too many positional arguments","logger":"airflow.dag_processing.dagbag.BundleDagBag","filename":"dagbag.py","lineno":319}
{"timestamp":"2026-10-06T02:31:50.699205Z","level":"info","event":"Filling up the DagBag from /opt/airflow/dags/xcom_check.py","logger":"airflow.dag_processing.dagbag.BundleDagBag","filename":"dagbag.py","lineno":460}
{"timestamp":"2026-10-06T02:31:50.770405Z","level":"error","event":"Failed to import: /opt/airflow/dags/xcom_check.py","logger":"airflow.dag_processing.importers.python_importer","filename":"python_importer.py","lineno":244,"error_detail":[{"exc_type":"TypeError","exc_value":"too many positional arguments","exc_notes":[],"syntax_error":null,"is_cause":false,"frames":[{"filename":"/home/airflow/.local/lib/python3.13/site-packages/airflow/dag_processing/importers/python_importer.py","lineno":238,"name":"parse"},{"filename":"<frozen importlib._bootstrap_external>","lineno":1023,"name":"exec_module"},{"filename":"<frozen importlib._bootstrap>","lineno":488,"name":"_call_with_frames_removed"},{"filename":"/opt/airflow/dags/xcom_check.py","lineno":37,"name":"<module>"},{"filename":"/home/airflow/.local/lib/python3.13/site-packages/airflow/sdk/definitions/dag.py","lineno":1696,"name":"factory"},{"filename":"/opt/airflow/dags/xcom_check.py","lineno":35,"name":"xcom_check"},{"filename":"/home/airflow/.local/lib/python3.13/site-packages/airflow/sdk/bases/decorator.py","lineno":555,"name":"__call__"},{"filename":"/home/airflow/.local/lib/python3.13/site-packages/airflow/sdk/bases/operator.py","lineno":567,"name":"apply_defaults"},{"filename":"/home/airflow/.local/lib/python3.13/site-packages/airflow/providers/standard/decorators/python.py","lineno":53,"name":"__init__"},{"filename":"/home/airflow/.local/lib/python3.13/site-packages/airflow/sdk/bases/operator.py","lineno":567,"name":"apply_defaults"},{"filename":"/home/airflow/.local/lib/python3.13/site-packages/airflow/sdk/bases/decorator.py","lineno":404,"name":"__init__"},{"filename":"/usr/python/lib/python3.13/inspect.py","lineno":3314,"name":"bind"},{"filename":"/usr/python/lib/python3.13/inspect.py","lineno":3238,"name":"_bind"}],"is_group":false,"exceptions":[]}]}
{"timestamp":"2026-10-06T02:31:50.772610Z","level":"error","event":"Error loading DAG from xcom_check.py: too many positional arguments","logger":"airflow.dag_processing.dagbag.BundleDagBag","filename":"dagbag.py","lineno":319}
{"timestamp":"2026-10-06T02:31:53.895255Z","level":"info","event":"Filling up the DagBag from /opt/airflow/dags/xcom_check.py","logger":"airflow.dag_processing.dagbag.BundleDagBag","filename":"dagbag.py","lineno":460}
{"timestamp":"2026-10-06T02:31:53.980317Z","level":"error","event":"Failed to import: /opt/airflow/dags/xcom_check.py","logger":"airflow.dag_processing.importers.python_importer","filename":"python_importer.py","lineno":244,"error_detail":[{"exc_type":"TypeError","exc_value":"too many positional arguments","exc_notes":[],"syntax_error":null,"is_cause":false,"frames":[{"filename":"/home/airflow/.local/lib/python3.13/site-packages/airflow/dag_processing/importers/python_importer.py","lineno":238,"name":"parse"},{"filename":"<frozen importlib._bootstrap_external>","lineno":1023,"name":"exec_module"},{"filename":"<frozen importlib._bootstrap>","lineno":488,"name":"_call_with_frames_removed"},{"filename":"/opt/airflow/dags/xcom_check.py","lineno":38,"name":"<module>"},{"filename":"/home/airflow/.local/lib/python3.13/site-packages/airflow/sdk/definitions/dag.py","lineno":1696,"name":"factory"},{"filename":"/opt/airflow/dags/xcom_check.py","lineno":36,"name":"xcom_check"},{"filename":"/home/airflow/.local/lib/python3.13/site-packages/airflow/sdk/bases/decorator.py","lineno":555,"name":"__call__"},{"filename":"/home/airflow/.local/lib/python3.13/site-packages/airflow/sdk/bases/operator.py","lineno":567,"name":"apply_defaults"},{"filename":"/home/airflow/.local/lib/python3.13/site-packages/airflow/providers/standard/decorators/python.py","lineno":53,"name":"__init__"},{"filename":"/home/airflow/.local/lib/python3.13/site-packages/airflow/sdk/bases/operator.py","lineno":567,"name":"apply_defaults"},{"filename":"/home/airflow/.local/lib/python3.13/site-packages/airflow/sdk/bases/decorator.py","lineno":404,"name":"__init__"},{"filename":"/usr/python/lib/python3.13/inspect.py","lineno":3314,"name":"bind"},{"filename":"/usr/python/lib/python3.13/inspect.py","lineno":3238,"name":"_bind"}],"is_group":false,"exceptions":[]}]}
{"timestamp":"2026-10-06T02:31:53.981891Z","level":"error","event":"Error loading DAG from xcom_check.py: too many positional arguments","logger":"airflow.dag_processing.dagbag.BundleDagBag","filename":"dagbag.py","lineno":319}
{"timestamp":"2026-10-06T02:31:59.118228Z","level":"info","event":"Filling up the DagBag from /opt/airflow/dags/xcom_check.py","logger":"airflow.dag_processing.dagbag.BundleDagBag","filename":"dagbag.py","lineno":460}
{"timestamp":"2026-10-06T02:31:59.199255Z","level":"error","event":"Failed to import: /opt/airflow/dags/xcom_check.py","logger":"airflow.dag_processing.importers.python_importer","filename":"python_importer.py","lineno":244,"error_detail":[{"exc_type":"TypeError","exc_value":"too many positional arguments","exc_notes":[],"syntax_error":null,"is_cause":false,"frames":[{"filename":"/home/airflow/.local/lib/python3.13/site-packages/airflow/dag_processing/importers/python_importer.py","lineno":238,"name":"parse"},{"filename":"<frozen importlib._bootstrap_external>","lineno":1023,"name":"exec_module"},{"filename":"<frozen importlib._bootstrap>","lineno":488,"name":"_call_with_frames_removed"},{"filename":"/opt/airflow/dags/xcom_check.py","lineno":39,"name":"<module>"},{"filename":"/home/airflow/.local/lib/python3.13/site-packages/airflow/sdk/definitions/dag.py","lineno":1696,"name":"factory"},{"filename":"/opt/airflow/dags/xcom_check.py","lineno":36,"name":"xcom_check"},{"filename":"/home/airflow/.local/lib/python3.13/site-packages/airflow/sdk/bases/decorator.py","lineno":555,"name":"__call__"},{"filename":"/home/airflow/.local/lib/python3.13/site-packages/airflow/sdk/bases/operator.py","lineno":567,"name":"apply_defaults"},{"filename":"/home/airflow/.local/lib/python3.13/site-packages/airflow/providers/standard/decorators/python.py","lineno":53,"name":"__init__"},{"filename":"/home/airflow/.local/lib/python3.13/site-packages/airflow/sdk/bases/operator.py","lineno":567,"name":"apply_defaults"},{"filename":"/home/airflow/.local/lib/python3.13/site-packages/airflow/sdk/bases/decorator.py","lineno":404,"name":"__init__"},{"filename":"/usr/python/lib/python3.13/inspect.py","lineno":3314,"name":"bind"},{"filename":"/usr/python/lib/python3.13/inspect.py","lineno":3238,"name":"_bind"}],"is_group":false,"exceptions":[]}]}
{"timestamp":"2026-10-06T02:31:59.202076Z","level":"error","event":"Error loading DAG from xcom_check.py: too many positional arguments","logger":"airflow.dag_processing.dagbag.BundleDagBag","filename":"dagbag.py","lineno":319}
{"timestamp":"2026-10-06T02:32:01.341658Z","level":"info","event":"Filling up the DagBag from /opt/airflow/dags/xcom_check.py","logger":"airflow.dag_processing.dagbag.BundleDagBag","filename":"dagbag.py","lineno":460}
{"timestamp":"2026-10-06T02:32:01.406186Z","level":"error","event":"Failed to import: /opt/airflow/dags/xcom_check.py","logger":"airflow.dag_processing.importers.python_importer","filename":"python_importer.py","lineno":244,"error_detail":[{"exc_type":"TypeError","exc_value":"too many positional arguments","exc_notes":[],"syntax_error":null,"is_cause":false,"frames":[{"filename":"/home/airflow/.local/lib/python3.13/site-packages/airflow/dag_processing/importers/python_importer.py","lineno":238,"name":"parse"},{"filename":"<frozen importlib._bootstrap_external>","lineno":1023,"name":"exec_module"},{"filename":"<frozen importlib._bootstrap>","lineno":488,"name":"_call_with_frames_removed"},{"filename":"/opt/airflow/dags/xcom_check.py","lineno":40,"name":"<module>"},{"filename":"/home/airflow/.local/lib/python3.13/site-packages/airflow/sdk/definitions/dag.py","lineno":1696,"name":"factory"},{"filename":"/opt/airflow/dags/xcom_check.py","lineno":37,"name":"xcom_check"},{"filename":"/home/airflow/.local/lib/python3.13/site-packages/airflow/sdk/bases/decorator.py","lineno":555,"name":"__call__"},{"filename":"/home/airflow/.local/lib/python3.13/site-packages/airflow/sdk/bases/operator.py","lineno":567,"name":"apply_defaults"},{"filename":"/home/airflow/.local/lib/python3.13/site-packages/airflow/providers/standard/decorators/python.py","lineno":53,"name":"__init__"},{"filename":"/home/airflow/.local/lib/python3.13/site-packages/airflow/sdk/bases/operator.py","lineno":567,"name":"apply_defaults"},{"filename":"/home/airflow/.local/lib/python3.13/site-packages/airflow/sdk/bases/decorator.py","lineno":404,"name":"__init__"},{"filename":"/usr/python/lib/python3.13/inspect.py","lineno":3314,"name":"bind"},{"filename":"/usr/python/lib/python3.13/inspect.py","lineno":3238,"name":"_bind"}],"is_group":false,"exceptions":[]}]}
{"timestamp":"2026-10-06T02:32:01.407798Z","level":"error","event":"Error loading DAG from xcom_check.py: too many positional arguments","logger":"airflow.dag_processing.dagbag.BundleDagBag","filename":"dagbag.py","lineno":319}
{"timestamp":"2026-10-06T02:32:12.633374Z","level":"info","event":"Filling up the DagBag from /opt/airflow/dags/xcom_check.py","logger":"airflow.dag_processing.dagbag.BundleDagBag","filename":"dagbag.py","lineno":460}
{"timestamp":"2026-10-06T02:32:12.706938Z","level":"error","event":"Failed to import: /opt/airflow/dags/xcom_check.py","logger":"airflow.dag_processing.importers.python_importer","filename":"python_importer.py","lineno":244,"error_detail":[{"exc_type":"TypeError","exc_value":"too many positional arguments","exc_notes":[],"syntax_error":null,"is_cause":false,"frames":[{"filename":"/home/airflow/.local/lib/python3.13/site-packages/airflow/dag_processing/importers/python_importer.py","lineno":238,"name":"parse"},{"filename":"<frozen importlib._bootstrap_external>","lineno":1023,"name":"exec_module"},{"filename":"<frozen importlib._bootstrap>","lineno":488,"name":"_call_with_frames_removed"},{"filename":"/opt/airflow/dags/xcom_check.py","lineno":42,"name":"<module>"},{"filename":"/home/airflow/.local/lib/python3.13/site-packages/airflow/sdk/definitions/dag.py","lineno":1696,"name":"factory"},{"filename":"/opt/airflow/dags/xcom_check.py","lineno":39,"name":"xcom_check"},{"filename":"/home/airflow/.local/lib/python3.13/site-packages/airflow/sdk/bases/decorator.py","lineno":555,"name":"__call__"},{"filename":"/home/airflow/.local/lib/python3.13/site-packages/airflow/sdk/bases/operator.py","lineno":567,"name":"apply_defaults"},{"filename":"/home/airflow/.local/lib/python3.13/site-packages/airflow/providers/standard/decorators/python.py","lineno":53,"name":"__init__"},{"filename":"/home/airflow/.local/lib/python3.13/site-packages/airflow/sdk/bases/operator.py","lineno":567,"name":"apply_defaults"},{"filename":"/home/airflow/.local/lib/python3.13/site-packages/airflow/sdk/bases/decorator.py","lineno":404,"name":"__init__"},{"filename":"/usr/python/lib/python3.13/inspect.py","lineno":3314,"name":"bind"},{"filename":"/usr/python/lib/python3.13/inspect.py","lineno":3238,"name":"_bind"}],"is_group":false,"exceptions":[]}]}
{"timestamp":"2026-10-06T02:32:12.710052Z","level":"error","event":"Error loading DAG from xcom_check.py: too many positional arguments","logger":"airflow.dag_processing.dagbag.BundleDagBag","filename":"dagbag.py","lineno":319}
{"timestamp":"2026-10-06T02:32:13.832727Z","level":"info","event":"Filling up the DagBag from /opt/airflow/dags/xcom_check.py","logger":"airflow.dag_processing.dagbag.BundleDagBag","filename":"dagbag.py","lineno":460}
{"timestamp":"2026-10-06T02:32:13.910118Z","level":"error","event":"Failed to import: /opt/airflow/dags/xcom_check.py","logger":"airflow.dag_processing.importers.python_importer","filename":"python_importer.py","lineno":244,"error_detail":[{"exc_type":"TypeError","exc_value":"too many positional arguments","exc_notes":[],"syntax_error":null,"is_cause":false,"frames":[{"filename":"/home/airflow/.local/lib/python3.13/site-packages/airflow/dag_processing/importers/python_importer.py","lineno":238,"name":"parse"},{"filename":"<frozen importlib._bootstrap_external>","lineno":1023,"name":"exec_module"},{"filename":"<frozen importlib._bootstrap>","lineno":488,"name":"_call_with_frames_removed"},{"filename":"/opt/airflow/dags/xcom_check.py","lineno":42,"name":"<module>"},{"filename":"/home/airflow/.local/lib/python3.13/site-packages/airflow/sdk/definitions/dag.py","lineno":1696,"name":"factory"},{"filename":"/opt/airflow/dags/xcom_check.py","lineno":39,"name":"xcom_check"},{"filename":"/home/airflow/.local/lib/python3.13/site-packages/airflow/sdk/bases/decorator.py","lineno":555,"name":"__call__"},{"filename":"/home/airflow/.local/lib/python3.13/site-packages/airflow/sdk/bases/operator.py","lineno":567,"name":"apply_defaults"},{"filename":"/home/airflow/.local/lib/python3.13/site-packages/airflow/providers/standard/decorators/python.py","lineno":53,"name":"__init__"},{"filename":"/home/airflow/.local/lib/python3.13/site-packages/airflow/sdk/bases/operator.py","lineno":567,"name":"apply_defaults"},{"filename":"/home/airflow/.local/lib/python3.13/site-packages/airflow/sdk/bases/decorator.py","lineno":404,"name":"__init__"},{"filename":"/usr/python/lib/python3.13/inspect.py","lineno":3314,"name":"bind"},{"filename":"/usr/python/lib/python3.13/inspect.py","lineno":3238,"name":"_bind"}],"is_group":false,"exceptions":[]}]}
{"timestamp":"2026-10-06T02:32:13.911906Z","level":"error","event":"Error loading DAG from xcom_check.py: too many positional arguments","logger":"airflow.dag_processing.dagbag.BundleDagBag","filename":"dagbag.py","lineno":319}
{"timestamp":"2026-10-06T02:32:18.056508Z","level":"info","event":"Filling up the DagBag from /opt/airflow/dags/xcom_check.py","logger":"airflow.dag_processing.dagbag.BundleDagBag","filename":"dagbag.py","lineno":460}
{"timestamp":"2026-10-06T02:32:18.143823Z","level":"error","event":"Failed to import: /opt/airflow/dags/xcom_check.py","logger":"airflow.dag_processing.importers.python_importer","filename":"python_importer.py","lineno":244,"error_detail":[{"exc_type":"TypeError","exc_value":"too many positional arguments","exc_notes":[],"syntax_error":null,"is_cause":false,"frames":[{"filename":"/home/airflow/.local/lib/python3.13/site-packages/airflow/dag_processing/importers/python_importer.py","lineno":238,"name":"parse"},{"filename":"<frozen importlib._bootstrap_external>","lineno":1023,"name":"exec_module"},{"filename":"<frozen importlib._bootstrap>","lineno":488,"name":"_call_with_frames_removed"},{"filename":"/opt/airflow/dags/xcom_check.py","lineno":42,"name":"<module>"},{"filename":"/home/airflow/.local/lib/python3.13/site-packages/airflow/sdk/definitions/dag.py","lineno":1696,"name":"factory"},{"filename":"/opt/airflow/dags/xcom_check.py","lineno":39,"name":"xcom_check"},{"filename":"/home/airflow/.local/lib/python3.13/site-packages/airflow/sdk/bases/decorator.py","lineno":555,"name":"__call__"},{"filename":"/home/airflow/.local/lib/python3.13/site-packages/airflow/sdk/bases/operator.py","lineno":567,"name":"apply_defaults"},{"filename":"/home/airflow/.local/lib/python3.13/site-packages/airflow/providers/standard/decorators/python.py","lineno":53,"name":"__init__"},{"filename":"/home/airflow/.local/lib/python3.13/site-packages/airflow/sdk/bases/operator.py","lineno":567,"name":"apply_defaults"},{"filename":"/home/airflow/.local/lib/python3.13/site-packages/airflow/sdk/bases/decorator.py","lineno":404,"name":"__init__"},{"filename":"/usr/python/lib/python3.13/inspect.py","lineno":3314,"name":"bind"},{"filename":"/usr/python/lib/python3.13/inspect.py","lineno":3238,"name":"_bind"}],"is_group":false,"exceptions":[]}]}
{"timestamp":"2026-10-06T02:32:18.145754Z","level":"error","event":"Error loading DAG from xcom_check.py: too many positional arguments","logger":"airflow.dag_processing.dagbag.BundleDagBag","filename":"dagbag.py","lineno":319}
{"timestamp":"2026-10-06T02:32:28.516414Z","level":"info","event":"Filling up the DagBag from /opt/airflow/dags/xcom_check.py","logger":"airflow.dag_processing.dagbag.BundleDagBag","filename":"dagbag.py","lineno":460}
{"timestamp":"2026-10-06T02:32:28.581409Z","level":"error","event":"Failed to import: /opt/airflow/dags/xcom_check.py","logger":"airflow.dag_processing.importers.python_importer","filename":"python_importer.py","lineno":244,"error_detail":[{"exc_type":"TypeError","exc_value":"too many positional arguments","exc_notes":[],"syntax_error":null,"is_cause":false,"frames":[{"filename":"/home/airflow/.local/lib/python3.13/site-packages/airflow/dag_processing/importers/python_importer.py","lineno":238,"name":"parse"},{"filename":"<frozen importlib._bootstrap_external>","lineno":1023,"name":"exec_module"},{"filename":"<frozen importlib._bootstrap>","lineno":488,"name":"_call_with_frames_removed"},{"filename":"/opt/airflow/dags/xcom_check.py","lineno":42,"name":"<module>"},{"filename":"/home/airflow/.local/lib/python3.13/site-packages/airflow/sdk/definitions/dag.py","lineno":1696,"name":"factory"},{"filename":"/opt/airflow/dags/xcom_check.py","lineno":39,"name":"xcom_check"},{"filename":"/home/airflow/.local/lib/python3.13/site-packages/airflow/sdk/bases/decorator.py","lineno":555,"name":"__call__"},{"filename":"/home/airflow/.local/lib/python3.13/site-packages/airflow/sdk/bases/operator.py","lineno":567,"name":"apply_defaults"},{"filename":"/home/airflow/.local/lib/python3.13/site-packages/airflow/providers/standard/decorators/python.py","lineno":53,"name":"__init__"},{"filename":"/home/airflow/.local/lib/python3.13/site-packages/airflow/sdk/bases/operator.py","lineno":567,"name":"apply_defaults"},{"filename":"/home/airflow/.local/lib/python3.13/site-packages/airflow/sdk/bases/decorator.py","lineno":404,"name":"__init__"},{"filename":"/usr/python/lib/python3.13/inspect.py","lineno":3314,"name":"bind"},{"filename":"/usr/python/lib/python3.13/inspect.py","lineno":3238,"name":"_bind"}],"is_group":false,"exceptions":[]}]}
{"timestamp":"2026-10-06T02:32:28.582970Z","level":"error","event":"Error loading DAG from xcom_check.py: too many positional arguments","logger":"airflow.dag_processing.dagbag.BundleDagBag","filename":"dagbag.py","lineno":319}
{"timestamp":"2026-10-06T02:32:29.805954Z","level":"info","event":"Filling up the DagBag from /opt/airflow/dags/xcom_check.py","logger":"airflow.dag_processing.dagbag.BundleDagBag","filename":"dagbag.py","lineno":460}
{"timestamp":"2026-10-06T02:32:29.870787Z","level":"error","event":"Failed to import: /opt/airflow/dags/xcom_check.py","logger":"airflow.dag_processing.importers.python_importer","filename":"python_importer.py","lineno":244,"error_detail":[{"exc_type":"TypeError","exc_value":"too many positional arguments","exc_notes":[],"syntax_error":null,"is_cause":false,"frames":[{"filename":"/home/airflow/.local/lib/python3.13/site-packages/airflow/dag_processing/importers/python_importer.py","lineno":238,"name":"parse"},{"filename":"<frozen importlib._bootstrap_external>","lineno":1023,"name":"exec_module"},{"filename":"<frozen importlib._bootstrap>","lineno":488,"name":"_call_with_frames_removed"},{"filename":"/opt/airflow/dags/xcom_check.py","lineno":42,"name":"<module>"},{"filename":"/home/airflow/.local/lib/python3.13/site-packages/airflow/sdk/definitions/dag.py","lineno":1696,"name":"factory"},{"filename":"/opt/airflow/dags/xcom_check.py","lineno":39,"name":"xcom_check"},{"filename":"/home/airflow/.local/lib/python3.13/site-packages/airflow/sdk/bases/decorator.py","lineno":555,"name":"__call__"},{"filename":"/home/airflow/.local/lib/python3.13/site-packages/airflow/sdk/bases/operator.py","lineno":567,"name":"apply_defaults"},{"filename":"/home/airflow/.local/lib/python3.13/site-packages/airflow/providers/standard/decorators/python.py","lineno":53,"name":"__init__"},{"filename":"/home/airflow/.local/lib/python3.13/site-packages/airflow/sdk/bases/operator.py","lineno":567,"name":"apply_defaults"},{"filename":"/home/airflow/.local/lib/python3.13/site-packages/airflow/sdk/bases/decorator.py","lineno":404,"name":"__init__"},{"filename":"/usr/python/lib/python3.13/inspect.py","lineno":3314,"name":"bind"},{"filename":"/usr/python/lib/python3.13/inspect.py","lineno":3238,"name":"_bind"}],"is_group":false,"exceptions":[]}]}
{"timestamp":"2026-10-06T02:32:29.872508Z","level":"error","event":"Error loading DAG from xcom_check.py: too many positional arguments","logger":"airflow.dag_processing.dagbag.BundleDagBag","filename":"dagbag.py","lineno":319}
{"timestamp":"2026-10-06T02:32:36.030810Z","level":"info","event":"Filling up the DagBag from /opt/airflow/dags/xcom_check.py","logger":"airflow.dag_processing.dagbag.BundleDagBag","filename":"dagbag.py","lineno":460}
{"timestamp":"2026-10-06T02:32:36.117178Z","level":"error","event":"Failed to import: /opt/airflow/dags/xcom_check.py","logger":"airflow.dag_processing.importers.python_importer","filename":"python_importer.py","lineno":244,"error_detail":[{"exc_type":"TypeError","exc_value":"too many positional arguments","exc_notes":[],"syntax_error":null,"is_cause":false,"frames":[{"filename":"/home/airflow/.local/lib/python3.13/site-packages/airflow/dag_processing/importers/python_importer.py","lineno":238,"name":"parse"},{"filename":"<frozen importlib._bootstrap_external>","lineno":1023,"name":"exec_module"},{"filename":"<frozen importlib._bootstrap>","lineno":488,"name":"_call_with_frames_removed"},{"filename":"/opt/airflow/dags/xcom_check.py","lineno":42,"name":"<module>"},{"filename":"/home/airflow/.local/lib/python3.13/site-packages/airflow/sdk/definitions/dag.py","lineno":1696,"name":"factory"},{"filename":"/opt/airflow/dags/xcom_check.py","lineno":39,"name":"xcom_check"},{"filename":"/home/airflow/.local/lib/python3.13/site-packages/airflow/sdk/bases/decorator.py","lineno":555,"name":"__call__"},{"filename":"/home/airflow/.local/lib/python3.13/site-packages/airflow/sdk/bases/operator.py","lineno":567,"name":"apply_defaults"},{"filename":"/home/airflow/.local/lib/python3.13/site-packages/airflow/providers/standard/decorators/python.py","lineno":53,"name":"__init__"},{"filename":"/home/airflow/.local/lib/python3.13/site-packages/airflow/sdk/bases/operator.py","lineno":567,"name":"apply_defaults"},{"filename":"/home/airflow/.local/lib/python3.13/site-packages/airflow/sdk/bases/decorator.py","lineno":404,"name":"__init__"},{"filename":"/usr/python/lib/python3.13/inspect.py","lineno":3314,"name":"bind"},{"filename":"/usr/python/lib/python3.13/inspect.py","lineno":3238,"name":"_bind"}],"is_group":false,"exceptions":[]}]}
{"timestamp":"2026-10-06T02:32:36.119110Z","level":"error","event":"Error loading DAG from xcom_check.py: too many positional arguments","logger":"airflow.dag_processing.dagbag.BundleDagBag","filename":"dagbag.py","lineno":319}
{"timestamp":"2026-10-06T02:32:38.242064Z","level":"info","event":"Filling up the DagBag from /opt/airflow/dags/xcom_check.py","logger":"airflow.dag_processing.dagbag.BundleDagBag","filename":"dagbag.py","lineno":460}
{"timestamp":"2026-10-06T02:32:38.303160Z","level":"error","event":"Failed to import: /opt/airflow/dags/xcom_check.py","logger":"airflow.dag_processing.importers.python_importer","filename":"python_importer.py","lineno":244,"error_detail":[{"exc_type":"TypeError","exc_value":"too many positional arguments","exc_notes":[],"syntax_error":null,"is_cause":false,"frames":[{"filename":"/home/airflow/.local/lib/python3.13/site-packages/airflow/dag_processing/importers/python_importer.py","lineno":238,"name":"parse"},{"filename":"<frozen importlib._bootstrap_external>","lineno":1023,"name":"exec_module"},{"filename":"<frozen importlib._bootstrap>","lineno":488,"name":"_call_with_frames_removed"},{"filename":"/opt/airflow/dags/xcom_check.py","lineno":42,"name":"<module>"},{"filename":"/home/airflow/.local/lib/python3.13/site-packages/airflow/sdk/definitions/dag.py","lineno":1696,"name":"factory"},{"filename":"/opt/airflow/dags/xcom_check.py","lineno":39,"name":"xcom_check"},{"filename":"/home/airflow/.local/lib/python3.13/site-packages/airflow/sdk/bases/decorator.py","lineno":555,"name":"__call__"},{"filename":"/home/airflow/.local/lib/python3.13/site-packages/airflow/sdk/bases/operator.py","lineno":567,"name":"apply_defaults"},{"filename":"/home/airflow/.local/lib/python3.13/site-packages/airflow/providers/standard/decorators/python.py","lineno":53,"name":"__init__"},{"filename":"/home/airflow/.local/lib/python3.13/site-packages/airflow/sdk/bases/operator.py","lineno":567,"name":"apply_defaults"},{"filename":"/home/airflow/.local/lib/python3.13/site-packages/airflow/sdk/bases/decorator.py","lineno":404,"name":"__init__"},{"filename":"/usr/python/lib/python3.13/inspect.py","lineno":3314,"name":"bind"},{"filename":"/usr/python/lib/python3.13/inspect.py","lineno":3238,"name":"_bind"}],"is_group":false,"exceptions":[]}]}
{"timestamp":"2026-10-06T02:32:38.304750Z","level":"error","event":"Error loading DAG from xcom_check.py: too many positional arguments","logger":"airflow.dag_processing.dagbag.BundleDagBag","filename":"dagbag.py","lineno":319}
{"timestamp":"2026-10-06T02:32:46.483600Z","level":"info","event":"Filling up the DagBag from /opt/airflow/dags/xcom_check.py","logger":"airflow.dag_processing.dagbag.BundleDagBag","filename":"dagbag.py","lineno":460}
{"timestamp":"2026-10-06T02:32:46.582342Z","level":"error","event":"Failed to import: /opt/airflow/dags/xcom_check.py","logger":"airflow.dag_processing.importers.python_importer","filename":"python_importer.py","lineno":244,"error_detail":[{"exc_type":"TypeError","exc_value":"too many positional arguments","exc_notes":[],"syntax_error":null,"is_cause":false,"frames":[{"filename":"/home/airflow/.local/lib/python3.13/site-packages/airflow/dag_processing/importers/python_importer.py","lineno":238,"name":"parse"},{"filename":"<frozen importlib._bootstrap_external>","lineno":1023,"name":"exec_module"},{"filename":"<frozen importlib._bootstrap>","lineno":488,"name":"_call_with_frames_removed"},{"filename":"/opt/airflow/dags/xcom_check.py","lineno":43,"name":"<module>"},{"filename":"/home/airflow/.local/lib/python3.13/site-packages/airflow/sdk/definitions/dag.py","lineno":1696,"name":"factory"},{"filename":"/opt/airflow/dags/xcom_check.py","lineno":40,"name":"xcom_check"},{"filename":"/home/airflow/.local/lib/python3.13/site-packages/airflow/sdk/bases/decorator.py","lineno":555,"name":"__call__"},{"filename":"/home/airflow/.local/lib/python3.13/site-packages/airflow/sdk/bases/operator.py","lineno":567,"name":"apply_defaults"},{"filename":"/home/airflow/.local/lib/python3.13/site-packages/airflow/providers/standard/decorators/python.py","lineno":53,"name":"__init__"},{"filename":"/home/airflow/.local/lib/python3.13/site-packages/airflow/sdk/bases/operator.py","lineno":567,"name":"apply_defaults"},{"filename":"/home/airflow/.local/lib/python3.13/site-packages/airflow/sdk/bases/decorator.py","lineno":404,"name":"__init__"},{"filename":"/usr/python/lib/python3.13/inspect.py","lineno":3314,"name":"bind"},{"filename":"/usr/python/lib/python3.13/inspect.py","lineno":3238,"name":"_bind"}],"is_group":false,"exceptions":[]}]}
{"timestamp":"2026-10-06T02:32:46.584580Z","level":"error","event":"Error loading DAG from xcom_check.py: too many positional arguments","logger":"airflow.dag_processing.dagbag.BundleDagBag","filename":"dagbag.py","lineno":319}
{"timestamp":"2026-10-06T02:32:48.784589Z","level":"info","event":"Filling up the DagBag from /opt/airflow/dags/xcom_check.py","logger":"airflow.dag_processing.dagbag.BundleDagBag","filename":"dagbag.py","lineno":460}
{"timestamp":"2026-10-06T02:32:48.847123Z","level":"error","event":"Failed to import: /opt/airflow/dags/xcom_check.py","logger":"airflow.dag_processing.importers.python_importer","filename":"python_importer.py","lineno":244,"error_detail":[{"exc_type":"TypeError","exc_value":"too many positional arguments","exc_notes":[],"syntax_error":null,"is_cause":false,"frames":[{"filename":"/home/airflow/.local/lib/python3.13/site-packages/airflow/dag_processing/importers/python_importer.py","lineno":238,"name":"parse"},{"filename":"<frozen importlib._bootstrap_external>","lineno":1023,"name":"exec_module"},{"filename":"<frozen importlib._bootstrap>","lineno":488,"name":"_call_with_frames_removed"},{"filename":"/opt/airflow/dags/xcom_check.py","lineno":43,"name":"<module>"},{"filename":"/home/airflow/.local/lib/python3.13/site-packages/airflow/sdk/definitions/dag.py","lineno":1696,"name":"factory"},{"filename":"/opt/airflow/dags/xcom_check.py","lineno":40,"name":"xcom_check"},{"filename":"/home/airflow/.local/lib/python3.13/site-packages/airflow/sdk/bases/decorator.py","lineno":555,"name":"__call__"},{"filename":"/home/airflow/.local/lib/python3.13/site-packages/airflow/sdk/bases/operator.py","lineno":567,"name":"apply_defaults"},{"filename":"/home/airflow/.local/lib/python3.13/site-packages/airflow/providers/standard/decorators/python.py","lineno":53,"name":"__init__"},{"filename":"/home/airflow/.local/lib/python3.13/site-packages/airflow/sdk/bases/operator.py","lineno":567,"name":"apply_defaults"},{"filename":"/home/airflow/.local/lib/python3.13/site-packages/airflow/sdk/bases/decorator.py","lineno":404,"name":"__init__"},{"filename":"/usr/python/lib/python3.13/inspect.py","lineno":3314,"name":"bind"},{"filename":"/usr/python/lib/python3.13/inspect.py","lineno":3238,"name":"_bind"}],"is_group":false,"exceptions":[]}]}
{"timestamp":"2026-10-06T02:32:48.849470Z","level":"error","event":"Error loading DAG from xcom_check.py: too many positional arguments","logger":"airflow.dag_processing.dagbag.BundleDagBag","filename":"dagbag.py","lineno":319}
{"timestamp":"2026-10-06T02:32:50.989640Z","level":"info","event":"Filling up the DagBag from /opt/airflow/dags/xcom_check.py","logger":"airflow.dag_processing.dagbag.BundleDagBag","filename":"dagbag.py","lineno":460}
{"timestamp":"2026-10-06T02:32:51.066325Z","level":"error","event":"Failed to import: /opt/airflow/dags/xcom_check.py","logger":"airflow.dag_processing.importers.python_importer","filename":"python_importer.py","lineno":244,"error_detail":[{"exc_type":"TypeError","exc_value":"too many positional arguments","exc_notes":[],"syntax_error":null,"is_cause":false,"frames":[{"filename":"/home/airflow/.local/lib/python3.13/site-packages/airflow/dag_processing/importers/python_importer.py","lineno":238,"name":"parse"},{"filename":"<frozen importlib._bootstrap_external>","lineno":1023,"name":"exec_module"},{"filename":"<frozen importlib._bootstrap>","lineno":488,"name":"_call_with_frames_removed"},{"filename":"/opt/airflow/dags/xcom_check.py","lineno":44,"name":"<module>"},{"filename":"/home/airflow/.local/lib/python3.13/site-packages/airflow/sdk/definitions/dag.py","lineno":1696,"name":"factory"},{"filename":"/opt/airflow/dags/xcom_check.py","lineno":41,"name":"xcom_check"},{"filename":"/home/airflow/.local/lib/python3.13/site-packages/airflow/sdk/bases/decorator.py","lineno":555,"name":"__call__"},{"filename":"/home/airflow/.local/lib/python3.13/site-packages/airflow/sdk/bases/operator.py","lineno":567,"name":"apply_defaults"},{"filename":"/home/airflow/.local/lib/python3.13/site-packages/airflow/providers/standard/decorators/python.py","lineno":53,"name":"__init__"},{"filename":"/home/airflow/.local/lib/python3.13/site-packages/airflow/sdk/bases/operator.py","lineno":567,"name":"apply_defaults"},{"filename":"/home/airflow/.local/lib/python3.13/site-packages/airflow/sdk/bases/decorator.py","lineno":404,"name":"__init__"},{"filename":"/usr/python/lib/python3.13/inspect.py","lineno":3314,"name":"bind"},{"filename":"/usr/python/lib/python3.13/inspect.py","lineno":3238,"name":"_bind"}],"is_group":false,"exceptions":[]}]}
{"timestamp":"2026-10-06T02:32:51.068431Z","level":"error","event":"Error loading DAG from xcom_check.py: too many positional arguments","logger":"airflow.dag_processing.dagbag.BundleDagBag","filename":"dagbag.py","lineno":319}
{"timestamp":"2026-10-06T02:33:06.526178Z","level":"info","event":"Filling up the DagBag from /opt/airflow/dags/xcom_check.py","logger":"airflow.dag_processing.dagbag.BundleDagBag","filename":"dagbag.py","lineno":460}
{"timestamp":"2026-10-06T02:33:06.611817Z","level":"error","event":"Failed to import: /opt/airflow/dags/xcom_check.py","logger":"airflow.dag_processing.importers.python_importer","filename":"python_importer.py","lineno":244,"error_detail":[{"exc_type":"TypeError","exc_value":"too many positional arguments","exc_notes":[],"syntax_error":null,"is_cause":false,"frames":[{"filename":"/home/airflow/.local/lib/python3.13/site-packages/airflow/dag_processing/importers/python_importer.py","lineno":238,"name":"parse"},{"filename":"<frozen importlib._bootstrap_external>","lineno":1023,"name":"exec_module"},{"filename":"<frozen importlib._bootstrap>","lineno":488,"name":"_call_with_frames_removed"},{"filename":"/opt/airflow/dags/xcom_check.py","lineno":45,"name":"<module>"},{"filename":"/home/airflow/.local/lib/python3.13/site-packages/airflow/sdk/definitions/dag.py","lineno":1696,"name":"factory"},{"filename":"/opt/airflow/dags/xcom_check.py","lineno":42,"name":"xcom_check"},{"filename":"/home/airflow/.local/lib/python3.13/site-packages/airflow/sdk/bases/decorator.py","lineno":555,"name":"__call__"},{"filename":"/home/airflow/.local/lib/python3.13/site-packages/airflow/sdk/bases/operator.py","lineno":567,"name":"apply_defaults"},{"filename":"/home/airflow/.local/lib/python3.13/site-packages/airflow/providers/standard/decorators/python.py","lineno":53,"name":"__init__"},{"filename":"/home/airflow/.local/lib/python3.13/site-packages/airflow/sdk/bases/operator.py","lineno":567,"name":"apply_defaults"},{"filename":"/home/airflow/.local/lib/python3.13/site-packages/airflow/sdk/bases/decorator.py","lineno":404,"name":"__init__"},{"filename":"/usr/python/lib/python3.13/inspect.py","lineno":3314,"name":"bind"},{"filename":"/usr/python/lib/python3.13/inspect.py","lineno":3238,"name":"_bind"}],"is_group":false,"exceptions":[]}]}
{"timestamp":"2026-10-06T02:33:06.613719Z","level":"error","event":"Error loading DAG from xcom_check.py: too many positional arguments","logger":"airflow.dag_processing.dagbag.BundleDagBag","filename":"dagbag.py","lineno":319}
{"timestamp":"2026-10-06T02:33:08.727190Z","level":"info","event":"Filling up the DagBag from /opt/airflow/dags/xcom_check.py","logger":"airflow.dag_processing.dagbag.BundleDagBag","filename":"dagbag.py","lineno":460}
{"timestamp":"2026-10-06T02:33:08.802896Z","level":"error","event":"Failed to import: /opt/airflow/dags/xcom_check.py","logger":"airflow.dag_processing.importers.python_importer","filename":"python_importer.py","lineno":244,"error_detail":[{"exc_type":"TypeError","exc_value":"too many positional arguments","exc_notes":[],"syntax_error":null,"is_cause":false,"frames":[{"filename":"/home/airflow/.local/lib/python3.13/site-packages/airflow/dag_processing/importers/python_importer.py","lineno":238,"name":"parse"},{"filename":"<frozen importlib._bootstrap_external>","lineno":1023,"name":"exec_module"},{"filename":"<frozen importlib._bootstrap>","lineno":488,"name":"_call_with_frames_removed"},{"filename":"/opt/airflow/dags/xcom_check.py","lineno":45,"name":"<module>"},{"filename":"/home/airflow/.local/lib/python3.13/site-packages/airflow/sdk/definitions/dag.py","lineno":1696,"name":"factory"},{"filename":"/opt/airflow/dags/xcom_check.py","lineno":42,"name":"xcom_check"},{"filename":"/home/airflow/.local/lib/python3.13/site-packages/airflow/sdk/bases/decorator.py","lineno":555,"name":"__call__"},{"filename":"/home/airflow/.local/lib/python3.13/site-packages/airflow/sdk/bases/operator.py","lineno":567,"name":"apply_defaults"},{"filename":"/home/airflow/.local/lib/python3.13/site-packages/airflow/providers/standard/decorators/python.py","lineno":53,"name":"__init__"},{"filename":"/home/airflow/.local/lib/python3.13/site-packages/airflow/sdk/bases/operator.py","lineno":567,"name":"apply_defaults"},{"filename":"/home/airflow/.local/lib/python3.13/site-packages/airflow/sdk/bases/decorator.py","lineno":404,"name":"__init__"},{"filename":"/usr/python/lib/python3.13/inspect.py","lineno":3314,"name":"bind"},{"filename":"/usr/python/lib/python3.13/inspect.py","lineno":3238,"name":"_bind"}],"is_group":false,"exceptions":[]}]}
{"timestamp":"2026-10-06T02:33:08.804736Z","level":"error","event":"Error loading DAG from xcom_check.py: too many positional arguments","logger":"airflow.dag_processing.dagbag.BundleDagBag","filename":"dagbag.py","lineno":319}
{"timestamp":"2026-10-06T02:33:14.960920Z","level":"info","event":"Filling up the DagBag from /opt/airflow/dags/xcom_check.py","logger":"airflow.dag_processing.dagbag.BundleDagBag","filename":"dagbag.py","lineno":460}
{"timestamp":"2026-10-06T02:33:15.026867Z","level":"error","event":"Failed to import: /opt/airflow/dags/xcom_check.py","logger":"airflow.dag_processing.importers.python_importer","filename":"python_importer.py","lineno":244,"error_detail":[{"exc_type":"TypeError","exc_value":"too many positional arguments","exc_notes":[],"syntax_error":null,"is_cause":false,"frames":[{"filename":"/home/airflow/.local/lib/python3.13/site-packages/airflow/dag_processing/importers/python_importer.py","lineno":238,"name":"parse"},{"filename":"<frozen importlib._bootstrap_external>","lineno":1023,"name":"exec_module"},{"filename":"<frozen importlib._bootstrap>","lineno":488,"name":"_call_with_frames_removed"},{"filename":"/opt/airflow/dags/xcom_check.py","lineno":46,"name":"<module>"},{"filename":"/home/airflow/.local/lib/python3.13/site-packages/airflow/sdk/definitions/dag.py","lineno":1696,"name":"factory"},{"filename":"/opt/airflow/dags/xcom_check.py","lineno":43,"name":"xcom_check"},{"filename":"/home/airflow/.local/lib/python3.13/site-packages/airflow/sdk/bases/decorator.py","lineno":555,"name":"__call__"},{"filename":"/home/airflow/.local/lib/python3.13/site-packages/airflow/sdk/bases/operator.py","lineno":567,"name":"apply_defaults"},{"filename":"/home/airflow/.local/lib/python3.13/site-packages/airflow/providers/standard/decorators/python.py","lineno":53,"name":"__init__"},{"filename":"/home/airflow/.local/lib/python3.13/site-packages/airflow/sdk/bases/operator.py","lineno":567,"name":"apply_defaults"},{"filename":"/home/airflow/.local/lib/python3.13/site-packages/airflow/sdk/bases/decorator.py","lineno":404,"name":"__init__"},{"filename":"/usr/python/lib/python3.13/inspect.py","lineno":3314,"name":"bind"},{"filename":"/usr/python/lib/python3.13/inspect.py","lineno":3238,"name":"_bind"}],"is_group":false,"exceptions":[]}]}
{"timestamp":"2026-10-06T02:33:15.028520Z","level":"error","event":"Error loading DAG from xcom_check.py: too many positional arguments","logger":"airflow.dag_processing.dagbag.BundleDagBag","filename":"dagbag.py","lineno":319}
{"timestamp":"2026-10-06T02:33:17.132227Z","level":"info","event":"Filling up the DagBag from /opt/airflow/dags/xcom_check.py","logger":"airflow.dag_processing.dagbag.BundleDagBag","filename":"dagbag.py","lineno":460}
{"timestamp":"2026-10-06T02:33:17.204181Z","level":"error","event":"Failed to import: /opt/airflow/dags/xcom_check.py","logger":"airflow.dag_processing.importers.python_importer","filename":"python_importer.py","lineno":244,"error_detail":[{"exc_type":"TypeError","exc_value":"too many positional arguments","exc_notes":[],"syntax_error":null,"is_cause":false,"frames":[{"filename":"/home/airflow/.local/lib/python3.13/site-packages/airflow/dag_processing/importers/python_importer.py","lineno":238,"name":"parse"},{"filename":"<frozen importlib._bootstrap_external>","lineno":1023,"name":"exec_module"},{"filename":"<frozen importlib._bootstrap>","lineno":488,"name":"_call_with_frames_removed"},{"filename":"/opt/airflow/dags/xcom_check.py","lineno":46,"name":"<module>"},{"filename":"/home/airflow/.local/lib/python3.13/site-packages/airflow/sdk/definitions/dag.py","lineno":1696,"name":"factory"},{"filename":"/opt/airflow/dags/xcom_check.py","lineno":43,"name":"xcom_check"},{"filename":"/home/airflow/.local/lib/python3.13/site-packages/airflow/sdk/bases/decorator.py","lineno":555,"name":"__call__"},{"filename":"/home/airflow/.local/lib/python3.13/site-packages/airflow/sdk/bases/operator.py","lineno":567,"name":"apply_defaults"},{"filename":"/home/airflow/.local/lib/python3.13/site-packages/airflow/providers/standard/decorators/python.py","lineno":53,"name":"__init__"},{"filename":"/home/airflow/.local/lib/python3.13/site-packages/airflow/sdk/bases/operator.py","lineno":567,"name":"apply_defaults"},{"filename":"/home/airflow/.local/lib/python3.13/site-packages/airflow/sdk/bases/decorator.py","lineno":404,"name":"__init__"},{"filename":"/usr/python/lib/python3.13/inspect.py","lineno":3314,"name":"bind"},{"filename":"/usr/python/lib/python3.13/inspect.py","lineno":3238,"name":"_bind"}],"is_group":false,"exceptions":[]}]}
{"timestamp":"2026-10-06T02:33:17.206442Z","level":"error","event":"Error loading DAG from xcom_check.py: too many positional arguments","logger":"airflow.dag_processing.dagbag.BundleDagBag","filename":"dagbag.py","lineno":319}
{"timestamp":"2026-10-06T02:33:37.801822Z","level":"info","event":"Filling up the DagBag from /opt/airflow/dags/xcom_check.py","logger":"airflow.dag_processing.dagbag.BundleDagBag","filename":"dagbag.py","lineno":460}
{"timestamp":"2026-10-06T02:33:37.869262Z","level":"error","event":"Failed to import: /opt/airflow/dags/xcom_check.py","logger":"airflow.dag_processing.importers.python_importer","filename":"python_importer.py","lineno":244,"error_detail":[{"exc_type":"TypeError","exc_value":"too many positional arguments","exc_notes":[],"syntax_error":null,"is_cause":false,"frames":[{"filename":"/home/airflow/.local/lib/python3.13/site-packages/airflow/dag_processing/importers/python_importer.py","lineno":238,"name":"parse"},{"filename":"<frozen importlib._bootstrap_external>","lineno":1023,"name":"exec_module"},{"filename":"<frozen importlib._bootstrap>","lineno":488,"name":"_call_with_frames_removed"},{"filename":"/opt/airflow/dags/xcom_check.py","lineno":46,"name":"<module>"},{"filename":"/home/airflow/.local/lib/python3.13/site-packages/airflow/sdk/definitions/dag.py","lineno":1696,"name":"factory"},{"filename":"/opt/airflow/dags/xcom_check.py","lineno":43,"name":"xcom_check"},{"filename":"/home/airflow/.local/lib/python3.13/site-packages/airflow/sdk/bases/decorator.py","lineno":555,"name":"__call__"},{"filename":"/home/airflow/.local/lib/python3.13/site-packages/airflow/sdk/bases/operator.py","lineno":567,"name":"apply_defaults"},{"filename":"/home/airflow/.local/lib/python3.13/site-packages/airflow/providers/standard/decorators/python.py","lineno":53,"name":"__init__"},{"filename":"/home/airflow/.local/lib/python3.13/site-packages/airflow/sdk/bases/operator.py","lineno":567,"name":"apply_defaults"},{"filename":"/home/airflow/.local/lib/python3.13/site-packages/airflow/sdk/bases/decorator.py","lineno":404,"name":"__init__"},{"filename":"/usr/python/lib/python3.13/inspect.py","lineno":3314,"name":"bind"},{"filename":"/usr/python/lib/python3.13/inspect.py","lineno":3238,"name":"_bind"}],"is_group":false,"exceptions":[]}]}
{"timestamp":"2026-10-06T02:33:37.871372Z","level":"error","event":"Error loading DAG from xcom_check.py: too many positional arguments","logger":"airflow.dag_processing.dagbag.BundleDagBag","filename":"dagbag.py","lineno":319}
{"timestamp":"2026-10-06T02:34:08.699747Z","level":"info","event":"Filling up the DagBag from /opt/airflow/dags/xcom_check.py","logger":"airflow.dag_processing.dagbag.BundleDagBag","filename":"dagbag.py","lineno":460}
{"timestamp":"2026-10-06T02:34:08.743702Z","level":"error","event":"Failed to import: /opt/airflow/dags/xcom_check.py","logger":"airflow.dag_processing.importers.python_importer","filename":"python_importer.py","lineno":244,"error_detail":[{"exc_type":"TypeError","exc_value":"too many positional arguments","exc_notes":[],"syntax_error":null,"is_cause":false,"frames":[{"filename":"/home/airflow/.local/lib/python3.13/site-packages/airflow/dag_processing/importers/python_importer.py","lineno":238,"name":"parse"},{"filename":"<frozen importlib._bootstrap_external>","lineno":1023,"name":"exec_module"},{"filename":"<frozen importlib._bootstrap>","lineno":488,"name":"_call_with_frames_removed"},{"filename":"/opt/airflow/dags/xcom_check.py","lineno":46,"name":"<module>"},{"filename":"/home/airflow/.local/lib/python3.13/site-packages/airflow/sdk/definitions/dag.py","lineno":1696,"name":"factory"},{"filename":"/opt/airflow/dags/xcom_check.py","lineno":43,"name":"xcom_check"},{"filename":"/home/airflow/.local/lib/python3.13/site-packages/airflow/sdk/bases/decorator.py","lineno":555,"name":"__call__"},{"filename":"/home/airflow/.local/lib/python3.13/site-packages/airflow/sdk/bases/operator.py","lineno":567,"name":"apply_defaults"},{"filename":"/home/airflow/.local/lib/python3.13/site-packages/airflow/providers/standard/decorators/python.py","lineno":53,"name":"__init__"},{"filename":"/home/airflow/.local/lib/python3.13/site-packages/airflow/sdk/bases/operator.py","lineno":567,"name":"apply_defaults"},{"filename":"/home/airflow/.local/lib/python3.13/site-packages/airflow/sdk/bases/decorator.py","lineno":404,"name":"__init__"},{"filename":"/usr/python/lib/python3.13/inspect.py","lineno":3314,"name":"bind"},{"filename":"/usr/python/lib/python3.13/inspect.py","lineno":3238,"name":"_bind"}],"is_group":false,"exceptions":[]}]}
{"timestamp":"2026-10-06T02:34:08.745285Z","level":"error","event":"Error loading DAG from xcom_check.py: too many positional arguments","logger":"airflow.dag_processing.dagbag.BundleDagBag","filename":"dagbag.py","lineno":319}
{"timestamp":"2026-10-06T02:34:39.504052Z","level":"info","event":"Filling up the DagBag from /opt/airflow/dags/xcom_check.py","logger":"airflow.dag_processing.dagbag.BundleDagBag","filename":"dagbag.py","lineno":460}
{"timestamp":"2026-10-06T02:34:39.548213Z","level":"error","event":"Failed to import: /opt/airflow/dags/xcom_check.py","logger":"airflow.dag_processing.importers.python_importer","filename":"python_importer.py","lineno":244,"error_detail":[{"exc_type":"TypeError","exc_value":"too many positional arguments","exc_notes":[],"syntax_error":null,"is_cause":false,"frames":[{"filename":"/home/airflow/.local/lib/python3.13/site-packages/airflow/dag_processing/importers/python_importer.py","lineno":238,"name":"parse"},{"filename":"<frozen importlib._bootstrap_external>","lineno":1023,"name":"exec_module"},{"filename":"<frozen importlib._bootstrap>","lineno":488,"name":"_call_with_frames_removed"},{"filename":"/opt/airflow/dags/xcom_check.py","lineno":46,"name":"<module>"},{"filename":"/home/airflow/.local/lib/python3.13/site-packages/airflow/sdk/definitions/dag.py","lineno":1696,"name":"factory"},{"filename":"/opt/airflow/dags/xcom_check.py","lineno":43,"name":"xcom_check"},{"filename":"/home/airflow/.local/lib/python3.13/site-packages/airflow/sdk/bases/decorator.py","lineno":555,"name":"__call__"},{"filename":"/home/airflow/.local/lib/python3.13/site-packages/airflow/sdk/bases/operator.py","lineno":567,"name":"apply_defaults"},{"filename":"/home/airflow/.local/lib/python3.13/site-packages/airflow/providers/standard/decorators/python.py","lineno":53,"name":"__init__"},{"filename":"/home/airflow/.local/lib/python3.13/site-packages/airflow/sdk/bases/operator.py","lineno":567,"name":"apply_defaults"},{"filename":"/home/airflow/.local/lib/python3.13/site-packages/airflow/sdk/bases/decorator.py","lineno":404,"name":"__init__"},{"filename":"/usr/python/lib/python3.13/inspect.py","lineno":3314,"name":"bind"},{"filename":"/usr/python/lib/python3.13/inspect.py","lineno":3238,"name":"_bind"}],"is_group":false,"exceptions":[]}]}
{"timestamp":"2026-10-06T02:34:39.549878Z","level":"error","event":"Error loading DAG from xcom_check.py: too many positional arguments","logger":"airflow.dag_processing.dagbag.BundleDagBag","filename":"dagbag.py","lineno":319}
{"timestamp":"2026-10-06T02:34:49.879781Z","level":"info","event":"Filling up the DagBag from /opt/airflow/dags/xcom_check.py","logger":"airflow.dag_processing.dagbag.BundleDagBag","filename":"dagbag.py","lineno":460}
{"timestamp":"2026-10-06T02:34:49.941420Z","level":"error","event":"Failed to import: /opt/airflow/dags/xcom_check.py","logger":"airflow.dag_processing.importers.python_importer","filename":"python_importer.py","lineno":244,"error_detail":[{"exc_type":"TypeError","exc_value":"too many positional arguments","exc_notes":[],"syntax_error":null,"is_cause":false,"frames":[{"filename":"/home/airflow/.local/lib/python3.13/site-packages/airflow/dag_processing/importers/python_importer.py","lineno":238,"name":"parse"},{"filename":"<frozen importlib._bootstrap_external>","lineno":1023,"name":"exec_module"},{"filename":"<frozen importlib._bootstrap>","lineno":488,"name":"_call_with_frames_removed"},{"filename":"/opt/airflow/dags/xcom_check.py","lineno":45,"name":"<module>"},{"filename":"/home/airflow/.local/lib/python3.13/site-packages/airflow/sdk/definitions/dag.py","lineno":1696,"name":"factory"},{"filename":"/opt/airflow/dags/xcom_check.py","lineno":42,"name":"xcom_check"},{"filename":"/home/airflow/.local/lib/python3.13/site-packages/airflow/sdk/bases/decorator.py","lineno":555,"name":"__call__"},{"filename":"/home/airflow/.local/lib/python3.13/site-packages/airflow/sdk/bases/operator.py","lineno":567,"name":"apply_defaults"},{"filename":"/home/airflow/.local/lib/python3.13/site-packages/airflow/providers/standard/decorators/python.py","lineno":53,"name":"__init__"},{"filename":"/home/airflow/.local/lib/python3.13/site-packages/airflow/sdk/bases/operator.py","lineno":567,"name":"apply_defaults"},{"filename":"/home/airflow/.local/lib/python3.13/site-packages/airflow/sdk/bases/decorator.py","lineno":404,"name":"__init__"},{"filename":"/usr/python/lib/python3.13/inspect.py","lineno":3314,"name":"bind"},{"filename":"/usr/python/lib/python3.13/inspect.py","lineno":3238,"name":"_bind"}],"is_group":false,"exceptions":[]}]}
{"timestamp":"2026-10-06T02:34:49.943339Z","level":"error","event":"Error loading DAG from xcom_check.py: too many positional arguments","logger":"airflow.dag_processing.dagbag.BundleDagBag","filename":"dagbag.py","lineno":319}
{"timestamp":"2026-10-06T02:34:59.141963Z","level":"info","event":"Filling up the DagBag from /opt/airflow/dags/xcom_check.py","logger":"airflow.dag_processing.dagbag.BundleDagBag","filename":"dagbag.py","lineno":460}
{"timestamp":"2026-10-06T02:34:59.204026Z","level":"error","event":"Failed to import: /opt/airflow/dags/xcom_check.py","logger":"airflow.dag_processing.importers.python_importer","filename":"python_importer.py","lineno":244,"error_detail":[{"exc_type":"TypeError","exc_value":"too many positional arguments","exc_notes":[],"syntax_error":null,"is_cause":false,"frames":[{"filename":"/home/airflow/.local/lib/python3.13/site-packages/airflow/dag_processing/importers/python_importer.py","lineno":238,"name":"parse"},{"filename":"<frozen importlib._bootstrap_external>","lineno":1023,"name":"exec_module"},{"filename":"<frozen importlib._bootstrap>","lineno":488,"name":"_call_with_frames_removed"},{"filename":"/opt/airflow/dags/xcom_check.py","lineno":45,"name":"<module>"},{"filename":"/home/airflow/.local/lib/python3.13/site-packages/airflow/sdk/definitions/dag.py","lineno":1696,"name":"factory"},{"filename":"/opt/airflow/dags/xcom_check.py","lineno":42,"name":"xcom_check"},{"filename":"/home/airflow/.local/lib/python3.13/site-packages/airflow/sdk/bases/decorator.py","lineno":555,"name":"__call__"},{"filename":"/home/airflow/.local/lib/python3.13/site-packages/airflow/sdk/bases/operator.py","lineno":567,"name":"apply_defaults"},{"filename":"/home/airflow/.local/lib/python3.13/site-packages/airflow/providers/standard/decorators/python.py","lineno":53,"name":"__init__"},{"filename":"/home/airflow/.local/lib/python3.13/site-packages/airflow/sdk/bases/operator.py","lineno":567,"name":"apply_defaults"},{"filename":"/home/airflow/.local/lib/python3.13/site-packages/airflow/sdk/bases/decorator.py","lineno":404,"name":"__init__"},{"filename":"/usr/python/lib/python3.13/inspect.py","lineno":3314,"name":"bind"},{"filename":"/usr/python/lib/python3.13/inspect.py","lineno":3238,"name":"_bind"}],"is_group":false,"exceptions":[]}]}
{"timestamp":"2026-10-06T02:34:59.206958Z","level":"error","event":"Error loading DAG from xcom_check.py: too many positional arguments","logger":"airflow.dag_processing.dagbag.BundleDagBag","filename":"dagbag.py","lineno":319}
{"timestamp":"2026-10-06T02:35:07.519024Z","level":"info","event":"Filling up the DagBag from /opt/airflow/dags/xcom_check.py","logger":"airflow.dag_processing.dagbag.BundleDagBag","filename":"dagbag.py","lineno":460}
{"timestamp":"2026-10-06T02:35:07.582560Z","level":"error","event":"Failed to import: /opt/airflow/dags/xcom_check.py","logger":"airflow.dag_processing.importers.python_importer","filename":"python_importer.py","lineno":244,"error_detail":[{"exc_type":"TypeError","exc_value":"too many positional arguments","exc_notes":[],"syntax_error":null,"is_cause":false,"frames":[{"filename":"/home/airflow/.local/lib/python3.13/site-packages/airflow/dag_processing/importers/python_importer.py","lineno":238,"name":"parse"},{"filename":"<frozen importlib._bootstrap_external>","lineno":1023,"name":"exec_module"},{"filename":"<frozen importlib._bootstrap>","lineno":488,"name":"_call_with_frames_removed"},{"filename":"/opt/airflow/dags/xcom_check.py","lineno":44,"name":"<module>"},{"filename":"/home/airflow/.local/lib/python3.13/site-packages/airflow/sdk/definitions/dag.py","lineno":1696,"name":"factory"},{"filename":"/opt/airflow/dags/xcom_check.py","lineno":41,"name":"xcom_check"},{"filename":"/home/airflow/.local/lib/python3.13/site-packages/airflow/sdk/bases/decorator.py","lineno":555,"name":"__call__"},{"filename":"/home/airflow/.local/lib/python3.13/site-packages/airflow/sdk/bases/operator.py","lineno":567,"name":"apply_defaults"},{"filename":"/home/airflow/.local/lib/python3.13/site-packages/airflow/providers/standard/decorators/python.py","lineno":53,"name":"__init__"},{"filename":"/home/airflow/.local/lib/python3.13/site-packages/airflow/sdk/bases/operator.py","lineno":567,"name":"apply_defaults"},{"filename":"/home/airflow/.local/lib/python3.13/site-packages/airflow/sdk/bases/decorator.py","lineno":404,"name":"__init__"},{"filename":"/usr/python/lib/python3.13/inspect.py","lineno":3314,"name":"bind"},{"filename":"/usr/python/lib/python3.13/inspect.py","lineno":3238,"name":"_bind"}],"is_group":false,"exceptions":[]}]}
{"timestamp":"2026-10-06T02:35:07.584117Z","level":"error","event":"Error loading DAG from xcom_check.py: too many positional arguments","logger":"airflow.dag_processing.dagbag.BundleDagBag","filename":"dagbag.py","lineno":319}
{"timestamp":"2026-10-06T02:35:12.715889Z","level":"info","event":"Filling up the DagBag from /opt/airflow/dags/xcom_check.py","logger":"airflow.dag_processing.dagbag.BundleDagBag","filename":"dagbag.py","lineno":460}
{"timestamp":"2026-10-06T02:35:12.778047Z","level":"error","event":"Failed to import: /opt/airflow/dags/xcom_check.py","logger":"airflow.dag_processing.importers.python_importer","filename":"python_importer.py","lineno":244,"error_detail":[{"exc_type":"TypeError","exc_value":"too many positional arguments","exc_notes":[],"syntax_error":null,"is_cause":false,"frames":[{"filename":"/home/airflow/.local/lib/python3.13/site-packages/airflow/dag_processing/importers/python_importer.py","lineno":238,"name":"parse"},{"filename":"<frozen importlib._bootstrap_external>","lineno":1023,"name":"exec_module"},{"filename":"<frozen importlib._bootstrap>","lineno":488,"name":"_call_with_frames_removed"},{"filename":"/opt/airflow/dags/xcom_check.py","lineno":45,"name":"<module>"},{"filename":"/home/airflow/.local/lib/python3.13/site-packages/airflow/sdk/definitions/dag.py","lineno":1696,"name":"factory"},{"filename":"/opt/airflow/dags/xcom_check.py","lineno":42,"name":"xcom_check"},{"filename":"/home/airflow/.local/lib/python3.13/site-packages/airflow/sdk/bases/decorator.py","lineno":555,"name":"__call__"},{"filename":"/home/airflow/.local/lib/python3.13/site-packages/airflow/sdk/bases/operator.py","lineno":567,"name":"apply_defaults"},{"filename":"/home/airflow/.local/lib/python3.13/site-packages/airflow/providers/standard/decorators/python.py","lineno":53,"name":"__init__"},{"filename":"/home/airflow/.local/lib/python3.13/site-packages/airflow/sdk/bases/operator.py","lineno":567,"name":"apply_defaults"},{"filename":"/home/airflow/.local/lib/python3.13/site-packages/airflow/sdk/bases/decorator.py","lineno":404,"name":"__init__"},{"filename":"/usr/python/lib/python3.13/inspect.py","lineno":3314,"name":"bind"},{"filename":"/usr/python/lib/python3.13/inspect.py","lineno":3238,"name":"_bind"}],"is_group":false,"exceptions":[]}]}
{"timestamp":"2026-10-06T02:35:12.779652Z","level":"error","event":"Error loading DAG from xcom_check.py: too many positional arguments","logger":"airflow.dag_processing.dagbag.BundleDagBag","filename":"dagbag.py","lineno":319}
{"timestamp":"2026-10-06T02:35:15.928089Z","level":"info","event":"Filling up the DagBag from /opt/airflow/dags/xcom_check.py","logger":"airflow.dag_processing.dagbag.BundleDagBag","filename":"dagbag.py","lineno":460}
{"timestamp":"2026-10-06T02:35:15.994833Z","level":"error","event":"Failed to import: /opt/airflow/dags/xcom_check.py","logger":"airflow.dag_processing.importers.python_importer","filename":"python_importer.py","lineno":244,"error_detail":[{"exc_type":"TypeError","exc_value":"too many positional arguments","exc_notes":[],"syntax_error":null,"is_cause":false,"frames":[{"filename":"/home/airflow/.local/lib/python3.13/site-packages/airflow/dag_processing/importers/python_importer.py","lineno":238,"name":"parse"},{"filename":"<frozen importlib._bootstrap_external>","lineno":1023,"name":"exec_module"},{"filename":"<frozen importlib._bootstrap>","lineno":488,"name":"_call_with_frames_removed"},{"filename":"/opt/airflow/dags/xcom_check.py","lineno":44,"name":"<module>"},{"filename":"/home/airflow/.local/lib/python3.13/site-packages/airflow/sdk/definitions/dag.py","lineno":1696,"name":"factory"},{"filename":"/opt/airflow/dags/xcom_check.py","lineno":41,"name":"xcom_check"},{"filename":"/home/airflow/.local/lib/python3.13/site-packages/airflow/sdk/bases/decorator.py","lineno":555,"name":"__call__"},{"filename":"/home/airflow/.local/lib/python3.13/site-packages/airflow/sdk/bases/operator.py","lineno":567,"name":"apply_defaults"},{"filename":"/home/airflow/.local/lib/python3.13/site-packages/airflow/providers/standard/decorators/python.py","lineno":53,"name":"__init__"},{"filename":"/home/airflow/.local/lib/python3.13/site-packages/airflow/sdk/bases/operator.py","lineno":567,"name":"apply_defaults"},{"filename":"/home/airflow/.local/lib/python3.13/site-packages/airflow/sdk/bases/decorator.py","lineno":404,"name":"__init__"},{"filename":"/usr/python/lib/python3.13/inspect.py","lineno":3314,"name":"bind"},{"filename":"/usr/python/lib/python3.13/inspect.py","lineno":3238,"name":"_bind"}],"is_group":false,"exceptions":[]}]}
{"timestamp":"2026-10-06T02:35:15.996362Z","level":"error","event":"Error loading DAG from xcom_check.py: too many positional arguments","logger":"airflow.dag_processing.dagbag.BundleDagBag","filename":"dagbag.py","lineno":319}
{"timestamp":"2026-10-06T02:35:20.166233Z","level":"info","event":"Filling up the DagBag from /opt/airflow/dags/xcom_check.py","logger":"airflow.dag_processing.dagbag.BundleDagBag","filename":"dagbag.py","lineno":460}
{"timestamp":"2026-10-06T02:35:20.253194Z","level":"error","event":"Failed to import: /opt/airflow/dags/xcom_check.py","logger":"airflow.dag_processing.importers.python_importer","filename":"python_importer.py","lineno":244,"error_detail":[{"exc_type":"TypeError","exc_value":"too many positional arguments","exc_notes":[],"syntax_error":null,"is_cause":false,"frames":[{"filename":"/home/airflow/.local/lib/python3.13/site-packages/airflow/dag_processing/importers/python_importer.py","lineno":238,"name":"parse"},{"filename":"<frozen importlib._bootstrap_external>","lineno":1023,"name":"exec_module"},{"filename":"<frozen importlib._bootstrap>","lineno":488,"name":"_call_with_frames_removed"},{"filename":"/opt/airflow/dags/xcom_check.py","lineno":45,"name":"<module>"},{"filename":"/home/airflow/.local/lib/python3.13/site-packages/airflow/sdk/definitions/dag.py","lineno":1696,"name":"factory"},{"filename":"/opt/airflow/dags/xcom_check.py","lineno":42,"name":"xcom_check"},{"filename":"/home/airflow/.local/lib/python3.13/site-packages/airflow/sdk/bases/decorator.py","lineno":555,"name":"__call__"},{"filename":"/home/airflow/.local/lib/python3.13/site-packages/airflow/sdk/bases/operator.py","lineno":567,"name":"apply_defaults"},{"filename":"/home/airflow/.local/lib/python3.13/site-packages/airflow/providers/standard/decorators/python.py","lineno":53,"name":"__init__"},{"filename":"/home/airflow/.local/lib/python3.13/site-packages/airflow/sdk/bases/operator.py","lineno":567,"name":"apply_defaults"},{"filename":"/home/airflow/.local/lib/python3.13/site-packages/airflow/sdk/bases/decorator.py","lineno":404,"name":"__init__"},{"filename":"/usr/python/lib/python3.13/inspect.py","lineno":3314,"name":"bind"},{"filename":"/usr/python/lib/python3.13/inspect.py","lineno":3238,"name":"_bind"}],"is_group":false,"exceptions":[]}]}
{"timestamp":"2026-10-06T02:35:20.255286Z","level":"error","event":"Error loading DAG from xcom_check.py: too many positional arguments","logger":"airflow.dag_processing.dagbag.BundleDagBag","filename":"dagbag.py","lineno":319}
{"timestamp":"2026-10-06T02:35:21.383316Z","level":"info","event":"Filling up the DagBag from /opt/airflow/dags/xcom_check.py","logger":"airflow.dag_processing.dagbag.BundleDagBag","filename":"dagbag.py","lineno":460}
{"timestamp":"2026-10-06T02:35:21.456093Z","level":"error","event":"Failed to import: /opt/airflow/dags/xcom_check.py","logger":"airflow.dag_processing.importers.python_importer","filename":"python_importer.py","lineno":244,"error_detail":[{"exc_type":"TypeError","exc_value":"too many positional arguments","exc_notes":[],"syntax_error":null,"is_cause":false,"frames":[{"filename":"/home/airflow/.local/lib/python3.13/site-packages/airflow/dag_processing/importers/python_importer.py","lineno":238,"name":"parse"},{"filename":"<frozen importlib._bootstrap_external>","lineno":1023,"name":"exec_module"},{"filename":"<frozen importlib._bootstrap>","lineno":488,"name":"_call_with_frames_removed"},{"filename":"/opt/airflow/dags/xcom_check.py","lineno":45,"name":"<module>"},{"filename":"/home/airflow/.local/lib/python3.13/site-packages/airflow/sdk/definitions/dag.py","lineno":1696,"name":"factory"},{"filename":"/opt/airflow/dags/xcom_check.py","lineno":42,"name":"xcom_check"},{"filename":"/home/airflow/.local/lib/python3.13/site-packages/airflow/sdk/bases/decorator.py","lineno":555,"name":"__call__"},{"filename":"/home/airflow/.local/lib/python3.13/site-packages/airflow/sdk/bases/operator.py","lineno":567,"name":"apply_defaults"},{"filename":"/home/airflow/.local/lib/python3.13/site-packages/airflow/providers/standard/decorators/python.py","lineno":53,"name":"__init__"},{"filename":"/home/airflow/.local/lib/python3.13/site-packages/airflow/sdk/bases/operator.py","lineno":567,"name":"apply_defaults"},{"filename":"/home/airflow/.local/lib/python3.13/site-packages/airflow/sdk/bases/decorator.py","lineno":404,"name":"__init__"},{"filename":"/usr/python/lib/python3.13/inspect.py","lineno":3314,"name":"bind"},{"filename":"/usr/python/lib/python3.13/inspect.py","lineno":3238,"name":"_bind"}],"is_group":false,"exceptions":[]}]}
{"timestamp":"2026-10-06T02:35:21.457950Z","level":"error","event":"Error loading DAG from xcom_check.py: too many positional arguments","logger":"airflow.dag_processing.dagbag.BundleDagBag","filename":"dagbag.py","lineno":319}
{"timestamp":"2026-10-06T02:35:39.098248Z","level":"info","event":"Filling up the DagBag from /opt/airflow/dags/xcom_check.py","logger":"airflow.dag_processing.dagbag.BundleDagBag","filename":"dagbag.py","lineno":460}
{"timestamp":"2026-10-06T02:35:39.162266Z","level":"error","event":"Failed to import: /opt/airflow/dags/xcom_check.py","logger":"airflow.dag_processing.importers.python_importer","filename":"python_importer.py","lineno":244,"error_detail":[{"exc_type":"TypeError","exc_value":"too many positional arguments","exc_notes":[],"syntax_error":null,"is_cause":false,"frames":[{"filename":"/home/airflow/.local/lib/python3.13/site-packages/airflow/dag_processing/importers/python_importer.py","lineno":238,"name":"parse"},{"filename":"<frozen importlib._bootstrap_external>","lineno":1023,"name":"exec_module"},{"filename":"<frozen importlib._bootstrap>","lineno":488,"name":"_call_with_frames_removed"},{"filename":"/opt/airflow/dags/xcom_check.py","lineno":44,"name":"<module>"},{"filename":"/home/airflow/.local/lib/python3.13/site-packages/airflow/sdk/definitions/dag.py","lineno":1696,"name":"factory"},{"filename":"/opt/airflow/dags/xcom_check.py","lineno":41,"name":"xcom_check"},{"filename":"/home/airflow/.local/lib/python3.13/site-packages/airflow/sdk/bases/decorator.py","lineno":555,"name":"__call__"},{"filename":"/home/airflow/.local/lib/python3.13/site-packages/airflow/sdk/bases/operator.py","lineno":567,"name":"apply_defaults"},{"filename":"/home/airflow/.local/lib/python3.13/site-packages/airflow/providers/standard/decorators/python.py","lineno":53,"name":"__init__"},{"filename":"/home/airflow/.local/lib/python3.13/site-packages/airflow/sdk/bases/operator.py","lineno":567,"name":"apply_defaults"},{"filename":"/home/airflow/.local/lib/python3.13/site-packages/airflow/sdk/bases/decorator.py","lineno":404,"name":"__init__"},{"filename":"/usr/python/lib/python3.13/inspect.py","lineno":3314,"name":"bind"},{"filename":"/usr/python/lib/python3.13/inspect.py","lineno":3238,"name":"_bind"}],"is_group":false,"exceptions":[]}]}
{"timestamp":"2026-10-06T02:35:39.163854Z","level":"error","event":"Error loading DAG from xcom_check.py: too many positional arguments","logger":"airflow.dag_processing.dagbag.BundleDagBag","filename":"dagbag.py","lineno":319}
{"timestamp":"2026-10-06T02:36:00.764461Z","level":"info","event":"Filling up the DagBag from /opt/airflow/dags/xcom_check.py","logger":"airflow.dag_processing.dagbag.BundleDagBag","filename":"dagbag.py","lineno":460}
{"timestamp":"2026-10-06T02:36:00.852118Z","level":"error","event":"Failed to import: /opt/airflow/dags/xcom_check.py","logger":"airflow.dag_processing.importers.python_importer","filename":"python_importer.py","lineno":244,"error_detail":[{"exc_type":"TypeError","exc_value":"too many positional arguments","exc_notes":[],"syntax_error":null,"is_cause":false,"frames":[{"filename":"/home/airflow/.local/lib/python3.13/site-packages/airflow/dag_processing/importers/python_importer.py","lineno":238,"name":"parse"},{"filename":"<frozen importlib._bootstrap_external>","lineno":1023,"name":"exec_module"},{"filename":"<frozen importlib._bootstrap>","lineno":488,"name":"_call_with_frames_removed"},{"filename":"/opt/airflow/dags/xcom_check.py","lineno":43,"name":"<module>"},{"filename":"/home/airflow/.local/lib/python3.13/site-packages/airflow/sdk/definitions/dag.py","lineno":1696,"name":"factory"},{"filename":"/opt/airflow/dags/xcom_check.py","lineno":40,"name":"xcom_check"},{"filename":"/home/airflow/.local/lib/python3.13/site-packages/airflow/sdk/bases/decorator.py","lineno":555,"name":"__call__"},{"filename":"/home/airflow/.local/lib/python3.13/site-packages/airflow/sdk/bases/operator.py","lineno":567,"name":"apply_defaults"},{"filename":"/home/airflow/.local/lib/python3.13/site-packages/airflow/providers/standard/decorators/python.py","lineno":53,"name":"__init__"},{"filename":"/home/airflow/.local/lib/python3.13/site-packages/airflow/sdk/bases/operator.py","lineno":567,"name":"apply_defaults"},{"filename":"/home/airflow/.local/lib/python3.13/site-packages/airflow/sdk/bases/decorator.py","lineno":404,"name":"__init__"},{"filename":"/usr/python/lib/python3.13/inspect.py","lineno":3314,"name":"bind"},{"filename":"/usr/python/lib/python3.13/inspect.py","lineno":3238,"name":"_bind"}],"is_group":false,"exceptions":[]}]}
{"timestamp":"2026-10-06T02:36:00.854734Z","level":"error","event":"Error loading DAG from xcom_check.py: too many positional arguments","logger":"airflow.dag_processing.dagbag.BundleDagBag","filename":"dagbag.py","lineno":319}
{"timestamp":"2026-10-06T02:36:31.666083Z","level":"info","event":"Filling up the DagBag from /opt/airflow/dags/xcom_check.py","logger":"airflow.dag_processing.dagbag.BundleDagBag","filename":"dagbag.py","lineno":460}
{"timestamp":"2026-10-06T02:36:31.719573Z","level":"error","event":"Failed to import: /opt/airflow/dags/xcom_check.py","logger":"airflow.dag_processing.importers.python_importer","filename":"python_importer.py","lineno":244,"error_detail":[{"exc_type":"TypeError","exc_value":"too many positional arguments","exc_notes":[],"syntax_error":null,"is_cause":false,"frames":[{"filename":"/home/airflow/.local/lib/python3.13/site-packages/airflow/dag_processing/importers/python_importer.py","lineno":238,"name":"parse"},{"filename":"<frozen importlib._bootstrap_external>","lineno":1023,"name":"exec_module"},{"filename":"<frozen importlib._bootstrap>","lineno":488,"name":"_call_with_frames_removed"},{"filename":"/opt/airflow/dags/xcom_check.py","lineno":43,"name":"<module>"},{"filename":"/home/airflow/.local/lib/python3.13/site-packages/airflow/sdk/definitions/dag.py","lineno":1696,"name":"factory"},{"filename":"/opt/airflow/dags/xcom_check.py","lineno":40,"name":"xcom_check"},{"filename":"/home/airflow/.local/lib/python3.13/site-packages/airflow/sdk/bases/decorator.py","lineno":555,"name":"__call__"},{"filename":"/home/airflow/.local/lib/python3.13/site-packages/airflow/sdk/bases/operator.py","lineno":567,"name":"apply_defaults"},{"filename":"/home/airflow/.local/lib/python3.13/site-packages/airflow/providers/standard/decorators/python.py","lineno":53,"name":"__init__"},{"filename":"/home/airflow/.local/lib/python3.13/site-packages/airflow/sdk/bases/operator.py","lineno":567,"name":"apply_defaults"},{"filename":"/home/airflow/.local/lib/python3.13/site-packages/airflow/sdk/bases/decorator.py","lineno":404,"name":"__init__"},{"filename":"/usr/python/lib/python3.13/inspect.py","lineno":3314,"name":"bind"},{"filename":"/usr/python/lib/python3.13/inspect.py","lineno":3238,"name":"_bind"}],"is_group":false,"exceptions":[]}]}
{"timestamp":"2026-10-06T02:36:31.721635Z","level":"error","event":"Error loading DAG from xcom_check.py: too many positional arguments","logger":"airflow.dag_processing.dagbag.BundleDagBag","filename":"dagbag.py","lineno":319}
{"timestamp":"2026-10-06T02:36:51.288209Z","level":"info","event":"Filling up the DagBag from /opt/airflow/dags/xcom_check.py","logger":"airflow.dag_processing.dagbag.BundleDagBag","filename":"dagbag.py","lineno":460}
{"timestamp":"2026-10-06T02:36:51.357243Z","level":"error","event":"Failed to import: /opt/airflow/dags/xcom_check.py","logger":"airflow.dag_processing.importers.python_importer","filename":"python_importer.py","lineno":244,"error_detail":[{"exc_type":"NameError","exc_value":"name 'xcom_check' is not defined","exc_notes":[],"syntax_error":null,"is_cause":false,"frames":[{"filename":"/home/airflow/.local/lib/python3.13/site-packages/airflow/dag_processing/importers/python_importer.py","lineno":238,"name":"parse"},{"filename":"<frozen importlib._bootstrap_external>","lineno":1023,"name":"exec_module"},{"filename":"<frozen importlib._bootstrap>","lineno":488,"name":"_call_with_frames_removed"},{"filename":"/opt/airflow/dags/xcom_check.py","lineno":43,"name":"<module>"}],"is_group":false,"exceptions":[]}]}
{"timestamp":"2026-10-06T02:36:51.368261Z","level":"error","event":"Error loading DAG from xcom_check.py: name 'xcom_check' is not defined","logger":"airflow.dag_processing.dagbag.BundleDagBag","filename":"dagbag.py","lineno":319}
{"timestamp":"2026-10-06T02:36:53.504655Z","level":"info","event":"Filling up the DagBag from /opt/airflow/dags/xcom_check.py","logger":"airflow.dag_processing.dagbag.BundleDagBag","filename":"dagbag.py","lineno":460}
{"timestamp":"2026-10-06T02:36:53.570124Z","level":"error","event":"Failed to import: /opt/airflow/dags/xcom_check.py","logger":"airflow.dag_processing.importers.python_importer","filename":"python_importer.py","lineno":244,"error_detail":[{"exc_type":"NameError","exc_value":"name 'xcom_check' is not defined","exc_notes":[],"syntax_error":null,"is_cause":false,"frames":[{"filename":"/home/airflow/.local/lib/python3.13/site-packages/airflow/dag_processing/importers/python_importer.py","lineno":238,"name":"parse"},{"filename":"<frozen importlib._bootstrap_external>","lineno":1023,"name":"exec_module"},{"filename":"<frozen importlib._bootstrap>","lineno":488,"name":"_call_with_frames_removed"},{"filename":"/opt/airflow/dags/xcom_check.py","lineno":43,"name":"<module>"}],"is_group":false,"exceptions":[]}]}
{"timestamp":"2026-10-06T02:36:53.577992Z","level":"error","event":"Error loading DAG from xcom_check.py: name 'xcom_check' is not defined","logger":"airflow.dag_processing.dagbag.BundleDagBag","filename":"dagbag.py","lineno":319}
{"timestamp":"2026-10-06T02:36:54.697231Z","level":"info","event":"Filling up the DagBag from /opt/airflow/dags/xcom_check.py","logger":"airflow.dag_processing.dagbag.BundleDagBag","filename":"dagbag.py","lineno":460}
{"timestamp":"2026-10-06T02:36:54.773105Z","level":"error","event":"Failed to import: /opt/airflow/dags/xcom_check.py","logger":"airflow.dag_processing.importers.python_importer","filename":"python_importer.py","lineno":244,"error_detail":[{"exc_type":"NameError","exc_value":"name 'xcom_check' is not defined","exc_notes":[],"syntax_error":null,"is_cause":false,"frames":[{"filename":"/home/airflow/.local/lib/python3.13/site-packages/airflow/dag_processing/importers/python_importer.py","lineno":238,"name":"parse"},{"filename":"<frozen importlib._bootstrap_external>","lineno":1023,"name":"exec_module"},{"filename":"<frozen importlib._bootstrap>","lineno":488,"name":"_call_with_frames_removed"},{"filename":"/opt/airflow/dags/xcom_check.py","lineno":43,"name":"<module>"}],"is_group":false,"exceptions":[]}]}
{"timestamp":"2026-10-06T02:36:54.782930Z","level":"error","event":"Error loading DAG from xcom_check.py: name 'xcom_check' is not defined","logger":"airflow.dag_processing.dagbag.BundleDagBag","filename":"dagbag.py","lineno":319}
{"timestamp":"2026-10-06T02:36:57.896010Z","level":"info","event":"Filling up the DagBag from /opt/airflow/dags/xcom_check.py","logger":"airflow.dag_processing.dagbag.BundleDagBag","filename":"dagbag.py","lineno":460}
{"timestamp":"2026-10-06T02:36:57.968752Z","level":"error","event":"Failed to import: /opt/airflow/dags/xcom_check.py","logger":"airflow.dag_processing.importers.python_importer","filename":"python_importer.py","lineno":244,"error_detail":[{"exc_type":"TypeError","exc_value":"too many positional arguments","exc_notes":[],"syntax_error":null,"is_cause":false,"frames":[{"filename":"/home/airflow/.local/lib/python3.13/site-packages/airflow/dag_processing/importers/python_importer.py","lineno":238,"name":"parse"},{"filename":"<frozen importlib._bootstrap_external>","lineno":1023,"name":"exec_module"},{"filename":"<frozen importlib._bootstrap>","lineno":488,"name":"_call_with_frames_removed"},{"filename":"/opt/airflow/dags/xcom_check.py","lineno":43,"name":"<module>"},{"filename":"/home/airflow/.local/lib/python3.13/site-packages/airflow/sdk/definitions/dag.py","lineno":1696,"name":"factory"},{"filename":"/opt/airflow/dags/xcom_check.py","lineno":40,"name":"xcom_check_manual"},{"filename":"/home/airflow/.local/lib/python3.13/site-packages/airflow/sdk/bases/decorator.py","lineno":555,"name":"__call__"},{"filename":"/home/airflow/.local/lib/python3.13/site-packages/airflow/sdk/bases/operator.py","lineno":567,"name":"apply_defaults"},{"filename":"/home/airflow/.local/lib/python3.13/site-packages/airflow/providers/standard/decorators/python.py","lineno":53,"name":"__init__"},{"filename":"/home/airflow/.local/lib/python3.13/site-packages/airflow/sdk/bases/operator.py","lineno":567,"name":"apply_defaults"},{"filename":"/home/airflow/.local/lib/python3.13/site-packages/airflow/sdk/bases/decorator.py","lineno":404,"name":"__init__"},{"filename":"/usr/python/lib/python3.13/inspect.py","lineno":3314,"name":"bind"},{"filename":"/usr/python/lib/python3.13/inspect.py","lineno":3238,"name":"_bind"}],"is_group":false,"exceptions":[]}]}
{"timestamp":"2026-10-06T02:36:57.970517Z","level":"error","event":"Error loading DAG from xcom_check.py: too many positional arguments","logger":"airflow.dag_processing.dagbag.BundleDagBag","filename":"dagbag.py","lineno":319}
{"timestamp":"2026-10-06T02:37:16.453580Z","level":"info","event":"Filling up the DagBag from /opt/airflow/dags/xcom_check.py","logger":"airflow.dag_processing.dagbag.BundleDagBag","filename":"dagbag.py","lineno":460}
{"timestamp":"2026-10-06T02:37:16.518929Z","level":"error","event":"Failed to import: /opt/airflow/dags/xcom_check.py","logger":"airflow.dag_processing.importers.python_importer","filename":"python_importer.py","lineno":244,"error_detail":[{"exc_type":"TypeError","exc_value":"too many positional arguments","exc_notes":[],"syntax_error":null,"is_cause":false,"frames":[{"filename":"/home/airflow/.local/lib/python3.13/site-packages/airflow/dag_processing/importers/python_importer.py","lineno":238,"name":"parse"},{"filename":"<frozen importlib._bootstrap_external>","lineno":1023,"name":"exec_module"},{"filename":"<frozen importlib._bootstrap>","lineno":488,"name":"_call_with_frames_removed"},{"filename":"/opt/airflow/dags/xcom_check.py","lineno":44,"name":"<module>"},{"filename":"/home/airflow/.local/lib/python3.13/site-packages/airflow/sdk/definitions/dag.py","lineno":1696,"name":"factory"},{"filename":"/opt/airflow/dags/xcom_check.py","lineno":41,"name":"xcom_check_manual"},{"filename":"/home/airflow/.local/lib/python3.13/site-packages/airflow/sdk/bases/decorator.py","lineno":555,"name":"__call__"},{"filename":"/home/airflow/.local/lib/python3.13/site-packages/airflow/sdk/bases/operator.py","lineno":567,"name":"apply_defaults"},{"filename":"/home/airflow/.local/lib/python3.13/site-packages/airflow/providers/standard/decorators/python.py","lineno":53,"name":"__init__"},{"filename":"/home/airflow/.local/lib/python3.13/site-packages/airflow/sdk/bases/operator.py","lineno":567,"name":"apply_defaults"},{"filename":"/home/airflow/.local/lib/python3.13/site-packages/airflow/sdk/bases/decorator.py","lineno":404,"name":"__init__"},{"filename":"/usr/python/lib/python3.13/inspect.py","lineno":3314,"name":"bind"},{"filename":"/usr/python/lib/python3.13/inspect.py","lineno":3238,"name":"_bind"}],"is_group":false,"exceptions":[]}]}
{"timestamp":"2026-10-06T02:37:16.520825Z","level":"error","event":"Error loading DAG from xcom_check.py: too many positional arguments","logger":"airflow.dag_processing.dagbag.BundleDagBag","filename":"dagbag.py","lineno":319}
{"timestamp":"2026-10-06T02:37:20.923290Z","level":"info","event":"Filling up the DagBag from /opt/airflow/dags/xcom_check.py","logger":"airflow.dag_processing.dagbag.BundleDagBag","filename":"dagbag.py","lineno":460}
{"timestamp":"2026-10-06T02:37:21.002941Z","level":"error","event":"Failed to import: /opt/airflow/dags/xcom_check.py","logger":"airflow.dag_processing.importers.python_importer","filename":"python_importer.py","lineno":244,"error_detail":[{"exc_type":"TypeError","exc_value":"too many positional arguments","exc_notes":[],"syntax_error":null,"is_cause":false,"frames":[{"filename":"/home/airflow/.local/lib/python3.13/site-packages/airflow/dag_processing/importers/python_importer.py","lineno":238,"name":"parse"},{"filename":"<frozen importlib._bootstrap_external>","lineno":1023,"name":"exec_module"},{"filename":"<frozen importlib._bootstrap>","lineno":488,"name":"_call_with_frames_removed"},{"filename":"/opt/airflow/dags/xcom_check.py","lineno":44,"name":"<module>"},{"filename":"/home/airflow/.local/lib/python3.13/site-packages/airflow/sdk/definitions/dag.py","lineno":1696,"name":"factory"},{"filename":"/opt/airflow/dags/xcom_check.py","lineno":41,"name":"xcom_check_manual"},{"filename":"/home/airflow/.local/lib/python3.13/site-packages/airflow/sdk/bases/decorator.py","lineno":555,"name":"__call__"},{"filename":"/home/airflow/.local/lib/python3.13/site-packages/airflow/sdk/bases/operator.py","lineno":567,"name":"apply_defaults"},{"filename":"/home/airflow/.local/lib/python3.13/site-packages/airflow/providers/standard/decorators/python.py","lineno":53,"name":"__init__"},{"filename":"/home/airflow/.local/lib/python3.13/site-packages/airflow/sdk/bases/operator.py","lineno":567,"name":"apply_defaults"},{"filename":"/home/airflow/.local/lib/python3.13/site-packages/airflow/sdk/bases/decorator.py","lineno":404,"name":"__init__"},{"filename":"/usr/python/lib/python3.13/inspect.py","lineno":3314,"name":"bind"},{"filename":"/usr/python/lib/python3.13/inspect.py","lineno":3238,"name":"_bind"}],"is_group":false,"exceptions":[]}]}
{"timestamp":"2026-10-06T02:37:21.006107Z","level":"error","event":"Error loading DAG from xcom_check.py: too many positional arguments","logger":"airflow.dag_processing.dagbag.BundleDagBag","filename":"dagbag.py","lineno":319}
{"timestamp":"2026-10-06T02:37:52.981224Z","level":"info","event":"Filling up the DagBag from /opt/airflow/dags/xcom_check.py","logger":"airflow.dag_processing.dagbag.BundleDagBag","filename":"dagbag.py","lineno":460}
{"timestamp":"2026-10-06T02:37:53.179197Z","level":"error","event":"Failed to import: /opt/airflow/dags/xcom_check.py","logger":"airflow.dag_processing.importers.python_importer","filename":"python_importer.py","lineno":244,"error_detail":[{"exc_type":"TypeError","exc_value":"too many positional arguments","exc_notes":[],"syntax_error":null,"is_cause":false,"frames":[{"filename":"/home/airflow/.local/lib/python3.13/site-packages/airflow/dag_processing/importers/python_importer.py","lineno":238,"name":"parse"},{"filename":"<frozen importlib._bootstrap_external>","lineno":1023,"name":"exec_module"},{"filename":"<frozen importlib._bootstrap>","lineno":488,"name":"_call_with_frames_removed"},{"filename":"/opt/airflow/dags/xcom_check.py","lineno":44,"name":"<module>"},{"filename":"/home/airflow/.local/lib/python3.13/site-packages/airflow/sdk/definitions/dag.py","lineno":1696,"name":"factory"},{"filename":"/opt/airflow/dags/xcom_check.py","lineno":41,"name":"xcom_check_manual"},{"filename":"/home/airflow/.local/lib/python3.13/site-packages/airflow/sdk/bases/decorator.py","lineno":555,"name":"__call__"},{"filename":"/home/airflow/.local/lib/python3.13/site-packages/airflow/sdk/bases/operator.py","lineno":567,"name":"apply_defaults"},{"filename":"/home/airflow/.local/lib/python3.13/site-packages/airflow/providers/standard/decorators/python.py","lineno":53,"name":"__init__"},{"filename":"/home/airflow/.local/lib/python3.13/site-packages/airflow/sdk/bases/operator.py","lineno":567,"name":"apply_defaults"},{"filename":"/home/airflow/.local/lib/python3.13/site-packages/airflow/sdk/bases/decorator.py","lineno":404,"name":"__init__"},{"filename":"/usr/python/lib/python3.13/inspect.py","lineno":3314,"name":"bind"},{"filename":"/usr/python/lib/python3.13/inspect.py","lineno":3238,"name":"_bind"}],"is_group":false,"exceptions":[]}]}
{"timestamp":"2026-10-06T02:37:53.183497Z","level":"error","event":"Error loading DAG from xcom_check.py: too many positional arguments","logger":"airflow.dag_processing.dagbag.BundleDagBag","filename":"dagbag.py","lineno":319}
{"timestamp":"2026-10-06T03:09:15.654873Z","level":"info","event":"Filling up the DagBag from /opt/airflow/dags/xcom_check.py","logger":"airflow.dag_processing.dagbag.BundleDagBag","filename":"dagbag.py","lineno":460}
{"timestamp":"2026-10-06T03:09:16.207274Z","level":"error","event":"Failed to import: /opt/airflow/dags/xcom_check.py","logger":"airflow.dag_processing.importers.python_importer","filename":"python_importer.py","lineno":244,"error_detail":[{"exc_type":"TypeError","exc_value":"too many positional arguments","exc_notes":[],"syntax_error":null,"is_cause":false,"frames":[{"filename":"/home/airflow/.local/lib/python3.13/site-packages/airflow/dag_processing/importers/python_importer.py","lineno":238,"name":"parse"},{"filename":"<frozen importlib._bootstrap_external>","lineno":1023,"name":"exec_module"},{"filename":"<frozen importlib._bootstrap>","lineno":488,"name":"_call_with_frames_removed"},{"filename":"/opt/airflow/dags/xcom_check.py","lineno":44,"name":"<module>"},{"filename":"/home/airflow/.local/lib/python3.13/site-packages/airflow/sdk/definitions/dag.py","lineno":1696,"name":"factory"},{"filename":"/opt/airflow/dags/xcom_check.py","lineno":41,"name":"xcom_check_manual"},{"filename":"/home/airflow/.local/lib/python3.13/site-packages/airflow/sdk/bases/decorator.py","lineno":555,"name":"__call__"},{"filename":"/home/airflow/.local/lib/python3.13/site-packages/airflow/sdk/bases/operator.py","lineno":567,"name":"apply_defaults"},{"filename":"/home/airflow/.local/lib/python3.13/site-packages/airflow/providers/standard/decorators/python.py","lineno":53,"name":"__init__"},{"filename":"/home/airflow/.local/lib/python3.13/site-packages/airflow/sdk/bases/operator.py","lineno":567,"name":"apply_defaults"},{"filename":"/home/airflow/.local/lib/python3.13/site-packages/airflow/sdk/bases/decorator.py","lineno":404,"name":"__init__"},{"filename":"/usr/python/lib/python3.13/inspect.py","lineno":3314,"name":"bind"},{"filename":"/usr/python/lib/python3.13/inspect.py","lineno":3238,"name":"_bind"}],"is_group":false,"exceptions":[]}]}
{"timestamp":"2026-10-06T03:09:16.227056Z","level":"error","event":"Error loading DAG from xcom_check.py: too many positional arguments","logger":"airflow.dag_processing.dagbag.BundleDagBag","filename":"dagbag.py","lineno":319}
{"timestamp":"2026-10-06T07:07:38.056822Z","level":"info","event":"Filling up the DagBag from /opt/airflow/dags/xcom_check.py","logger":"airflow.dag_processing.dagbag.BundleDagBag","filename":"dagbag.py","lineno":460}
{"timestamp":"2026-10-06T07:07:38.194545Z","level":"error","event":"Failed to import: /opt/airflow/dags/xcom_check.py","logger":"airflow.dag_processing.importers.python_importer","filename":"python_importer.py","lineno":244,"error_detail":[{"exc_type":"TypeError","exc_value":"too many positional arguments","exc_notes":[],"syntax_error":null,"is_cause":false,"frames":[{"filename":"/home/airflow/.local/lib/python3.13/site-packages/airflow/dag_processing/importers/python_importer.py","lineno":238,"name":"parse"},{"filename":"<frozen importlib._bootstrap_external>","lineno":1023,"name":"exec_module"},{"filename":"<frozen importlib._bootstrap>","lineno":488,"name":"_call_with_frames_removed"},{"filename":"/opt/airflow/dags/xcom_check.py","lineno":44,"name":"<module>"},{"filename":"/home/airflow/.local/lib/python3.13/site-packages/airflow/sdk/definitions/dag.py","lineno":1696,"name":"factory"},{"filename":"/opt/airflow/dags/xcom_check.py","lineno":41,"name":"xcom_check_manual"},{"filename":"/home/airflow/.local/lib/python3.13/site-packages/airflow/sdk/bases/decorator.py","lineno":555,"name":"__call__"},{"filename":"/home/airflow/.local/lib/python3.13/site-packages/airflow/sdk/bases/operator.py","lineno":567,"name":"apply_defaults"},{"filename":"/home/airflow/.local/lib/python3.13/site-packages/airflow/providers/standard/decorators/python.py","lineno":53,"name":"__init__"},{"filename":"/home/airflow/.local/lib/python3.13/site-packages/airflow/sdk/bases/operator.py","lineno":567,"name":"apply_defaults"},{"filename":"/home/airflow/.local/lib/python3.13/site-packages/airflow/sdk/bases/decorator.py","lineno":404,"name":"__init__"},{"filename":"/usr/python/lib/python3.13/inspect.py","lineno":3314,"name":"bind"},{"filename":"/usr/python/lib/python3.13/inspect.py","lineno":3238,"name":"_bind"}],"is_group":false,"exceptions":[]}]}
{"timestamp":"2026-10-06T07:07:38.199185Z","level":"error","event":"Error loading DAG from xcom_check.py: too many positional arguments","logger":"airflow.dag_processing.dagbag.BundleDagBag","filename":"dagbag.py","lineno":319}
